client_id	audio_id	audio_file	duration_ms	prompt_id	prompt	reason	comment	language
4dcae38ee11d3a6606cc6cd636a3628b	57	spontaneous-speech-en-57.mp3	9864	155	What traditional medicines exist in your culture?	other	Multiple people talking	English
b476828992f393a09339cf6270d30aa8	17	spontaneous-speech-en-17.mp3	10080	223	What are the main reasons people in your community move to other places?	other	The audio file is not easily decipherable. 	English
1e65040d77567934e4ffed55c656a3cc	13	spontaneous-speech-en-13.mp3	1944	178	What responsibilities do elected officials have to their communities?	other	No spoken audio recorded	English
6504d56b742b6ca68180e542739c85ea	4481	spontaneous-speech-en-4481.mp3	22716	181	What is the most stressful part of your work, studies or hobby?	different_language	Not speaking English	English
6504d56b742b6ca68180e542739c85ea	4520	spontaneous-speech-en-4520.mp3	31752	199	What do you wish you could use technology for?	different_language	No speaking English	English
6504d56b742b6ca68180e542739c85ea	4607	spontaneous-speech-en-4607.mp3	16704	234	What local artist or craftsperson do you admire?	different_language	Not English	English
f6690909f1cc0d16428470dfa65445b7	18418	spontaneous-speech-en-18418.mp3	6408	227	Describe your favourite movie, TV show, or play?	personally_identifiable_information	audio file says person's name	English
6504d56b742b6ca68180e542739c85ea	4531	spontaneous-speech-en-4531.mp3	22572	198	Do people of different ages use technology differently?	different_language	Not English	English
6504d56b742b6ca68180e542739c85ea	4500	spontaneous-speech-en-4500.mp3	29376	133	Describe any plants you have grown or harvested	different_language	Not English	English
6504d56b742b6ca68180e542739c85ea	4571	spontaneous-speech-en-4571.mp3	36108	201	What do you think AI is?	different_language	Not English	English
6504d56b742b6ca68180e542739c85ea	4575	spontaneous-speech-en-4575.mp3	33552	224	How have payments changed in your country over the last five years	different_language	Not English	English
851a915d9143a0a0a20344fc13d674ea	126	spontaneous-speech-en-126.mp3	23220	216	What kinds of businesses do you wish your community had more of?	other	So much background noise. Impossible to hear anything	English
4dcae38ee11d3a6606cc6cd636a3628b	28	spontaneous-speech-en-28.mp3	70992	212	How do you try and save money in your family?	different_language		English
6504d56b742b6ca68180e542739c85ea	4500	spontaneous-speech-en-4500.mp3	29376	133	Describe any plants you have grown or harvested	different_language	Not English	English
6504d56b742b6ca68180e542739c85ea	4504	spontaneous-speech-en-4504.mp3	21348	226	Who is your favourite celebrity or actor?	different_language	Not English	English
6504d56b742b6ca68180e542739c85ea	4566	spontaneous-speech-en-4566.mp3	30420	173	How can we make sure students in schools are kind to each other?	different_language	In English dataset	English
678a46b3396fb8cb4aaa8c2fe742d3ba	4356	spontaneous-speech-en-4356.mp3	9216	183	What kinds of sports or exercise do you like?	different_language		English
6504d56b742b6ca68180e542739c85ea	4575	spontaneous-speech-en-4575.mp3	33552	224	How have payments changed in your country over the last five years	different_language		English
4dcae38ee11d3a6606cc6cd636a3628b	58	spontaneous-speech-en-58.mp3	5436	127	What is the biggest insect where you come from?	personally_identifiable_information		English
851a915d9143a0a0a20344fc13d674ea	138	spontaneous-speech-en-138.mp3	30060	196	What do you use technology for most often?	different_language	Kutuk logon kade	English
caaa08af29cda5da5afd916f2805a921	28909	spontaneous-speech-en-28909.mp3	7128	124	Describe the last animal you saw.	different_language		English
5774e3cb76e3ad4370fba8ad982324c8	20270	spontaneous-speech-en-20270.mp3	18720	136	What advice would you give a friend who is nervous about something?	different_language	Kutuk logon kade 	English
caaa08af29cda5da5afd916f2805a921	28951	spontaneous-speech-en-28951.mp3	11268	172	Do schools in your country support multiple languages?	different_language	Kutuk logon kade 	English
caaa08af29cda5da5afd916f2805a921	28970	spontaneous-speech-en-28970.mp3	17496	176	Describe a historical event you learned about in school	different_language	Kutuk logon kade 	English
5774e3cb76e3ad4370fba8ad982324c8	20258	spontaneous-speech-en-20258.mp3	5688	200	What concerns do you have about mobile phones?	different_language	Kutuk logon kade 	English
caaa08af29cda5da5afd916f2805a921	28889	spontaneous-speech-en-28889.mp3	10656	140	What's your favourite holiday and why?	different_language	Kutuk logon kade 	English
caaa08af29cda5da5afd916f2805a921	28900	spontaneous-speech-en-28900.mp3	18720	149	Describe how a teacher, mentor or relative has shaped your life?	different_language	Kutuk logon kade 	English
5774e3cb76e3ad4370fba8ad982324c8	20214	spontaneous-speech-en-20214.mp3	22320	153	How do you relax and keep your mind healthy?	different_language	a different language	English
5774e3cb76e3ad4370fba8ad982324c8	20244	spontaneous-speech-en-20244.mp3	27180	128	Do you know any names for the stars and constellations?	different_language	different language	English
94130ea17023c4837f0dcdda95034b65	9	spontaneous-speech-en-9.mp3	3852	133	Describe any plants you have grown or harvested	different_language	different language	English
f6690909f1cc0d16428470dfa65445b7	18418	spontaneous-speech-en-18418.mp3	6408	227	Describe your favourite movie, TV show, or play?	different_language	different language	English
4edaa220f83b835e99564c23bae8095b	6817	spontaneous-speech-en-6817.mp3	12384	123	What is the climate like where you live?	different_language	different language 	English
0713c98ef01495f851d7963b1cf9032a	20336	spontaneous-speech-en-20336.mp3	2916	137	What advice would you give a friend who is away from home and missing their family?	different_language	different language	English
6504d56b742b6ca68180e542739c85ea	4493	spontaneous-speech-en-4493.mp3	23688	139	What job would you most like to have and why?	different_language	different language	English
7e3a2561ce1fa89301ebd08fca6e9229	21983	spontaneous-speech-en-21983.mp3	46008	151	Describe how to cook or prepare your favourite meal.	different_language	different language	English
25d1435d078e2b49657afb847e9c87e3	118	spontaneous-speech-en-118.mp3	5580	136	What advice would you give a friend who is nervous about something?	different_language	its a different language	English
851a915d9143a0a0a20344fc13d674ea	138	spontaneous-speech-en-138.mp3	30060	196	What do you use technology for most often?	different_language	thi is in English	English
5774e3cb76e3ad4370fba8ad982324c8	20239	spontaneous-speech-en-20239.mp3	15048	234	What local artist or craftsperson do you admire?	different_language	language different	English
5774e3cb76e3ad4370fba8ad982324c8	20231	spontaneous-speech-en-20231.mp3	52056	137	What advice would you give a friend who is away from home and missing their family?	different_language	it is English	English
a9fd17921ce5aea9c300189e7b4373d8	20206	spontaneous-speech-en-20206.mp3	13716	171	How can schools and parents help each other educate children?	different_language	English language	English
7360a3ac39014a33606ad15805705e0f	24974	spontaneous-speech-en-24974.mp3	12528	153	How do you relax and keep your mind healthy?	different_language	different language	English
5774e3cb76e3ad4370fba8ad982324c8	20263	spontaneous-speech-en-20263.mp3	4860	186	Do you prefer to be indoors or outdoors? Why?	different_language	a different language	English
6504d56b742b6ca68180e542739c85ea	4607	spontaneous-speech-en-4607.mp3	16704	234	What local artist or craftsperson do you admire?	different_language	a different language	English
5774e3cb76e3ad4370fba8ad982324c8	20230	spontaneous-speech-en-20230.mp3	33048	225	Describe how people pay for things in your society, for example with trade, cash, card or mobile phone?	different_language	this is English language	English
4edaa220f83b835e99564c23bae8095b	6818	spontaneous-speech-en-6818.mp3	2520	203	Do you drive any vehicles?	different_language	its in English language	English
5774e3cb76e3ad4370fba8ad982324c8	20226	spontaneous-speech-en-20226.mp3	10908	203	Do you drive any vehicles?	different_language	language different	English
7e3a2561ce1fa89301ebd08fca6e9229	27033	spontaneous-speech-en-27033.mp3	22428	155	What traditional medicines exist in your culture?	different_language	English language	English
caaa08af29cda5da5afd916f2805a921	28985	spontaneous-speech-en-28985.mp3	12168	121	What do you want to do with your next day off?	different_language	a differen language	English
d1242ec456e1f92673c00e968d7e40ae	28746	spontaneous-speech-en-28746.mp3	6300	235	What is a well-known story in your culture that you like?	other	its too short	English
caaa08af29cda5da5afd916f2805a921	28885	spontaneous-speech-en-28885.mp3	6120	130	Why do you think the sky is blue?	different_language	a different language	English
caaa08af29cda5da5afd916f2805a921	28916	spontaneous-speech-en-28916.mp3	8568	129	Describe a visit to an ocean, lake or river.	different_language	a different language	English
caaa08af29cda5da5afd916f2805a921	28906	spontaneous-speech-en-28906.mp3	14940	195	Describe a board game, video games or card game that you've played	different_language	different language	English
d1242ec456e1f92673c00e968d7e40ae	28422	spontaneous-speech-en-28422.mp3	16200	234	What local artist or craftsperson do you admire?	other	mixed language	English
caaa08af29cda5da5afd916f2805a921	28967	spontaneous-speech-en-28967.mp3	10836	157	In your culture, who takes care of people who are dying?	different_language	a different language	English
caaa08af29cda5da5afd916f2805a921	28883	spontaneous-speech-en-28883.mp3	17280	159	What health concerns are pressing in your country?	different_language	different language	English
4dcae38ee11d3a6606cc6cd636a3628b	58	spontaneous-speech-en-58.mp3	5436	127	What is the biggest insect where you come from?	different_language	different language	English
20152c30a379df916efaba7456121ea3	4156	spontaneous-speech-en-4156.mp3	14184	215	How can society help people in need?	different_language	English language	English
6504d56b742b6ca68180e542739c85ea	4615	spontaneous-speech-en-4615.mp3	34920	150	Is there a place that is sacred or special to your or your family?	different_language	different language	English
caaa08af29cda5da5afd916f2805a921	28939	spontaneous-speech-en-28939.mp3	8820	234	What local artist or craftsperson do you admire?	different_language	another language	English
d1242ec456e1f92673c00e968d7e40ae	28747	spontaneous-speech-en-28747.mp3	3348	126	What kinds of plants or flowers have you seen this week?	other	too short	English
caaa08af29cda5da5afd916f2805a921	28952	spontaneous-speech-en-28952.mp3	6300	197	How often do you use a mobile phone?	different_language	a different language	English
d1242ec456e1f92673c00e968d7e40ae	28683	spontaneous-speech-en-28683.mp3	4068	142	What are you proud of?	other	this is too short	English
caaa08af29cda5da5afd916f2805a921	28972	spontaneous-speech-en-28972.mp3	17676	185	How do you feel about long walks? Why?	different_language	different language	English
5774e3cb76e3ad4370fba8ad982324c8	20260	spontaneous-speech-en-20260.mp3	21240	209	How do you top up, add credit or pay for your mobile phone	different_language	a different language	English
d1242ec456e1f92673c00e968d7e40ae	28698	spontaneous-speech-en-28698.mp3	4680	134	What do you think about climate change?	other	it is too short	English
caaa08af29cda5da5afd916f2805a921	28936	spontaneous-speech-en-28936.mp3	14508	224	How have payments changed in your country over the last five years	different_language	different language	English
5774e3cb76e3ad4370fba8ad982324c8	20261	spontaneous-speech-en-20261.mp3	12636	222	What types of public services do you think are most important for a community?	different_language	Not expected language	English
caaa08af29cda5da5afd916f2805a921	28974	spontaneous-speech-en-28974.mp3	8028	146	Does your family tell stories about their history?	different_language	Not expected language	English
ce26a60c6cc4728830c115ccc98aaaa7	29239	spontaneous-speech-en-29239.mp3	2556	211	Does your family have a strict budget?	other	too short	English
5774e3cb76e3ad4370fba8ad982324c8	20246	spontaneous-speech-en-20246.mp3	57996	215	How can society help people in need?	different_language	English language	English
caaa08af29cda5da5afd916f2805a921	28951	spontaneous-speech-en-28951.mp3	11268	172	Do schools in your country support multiple languages?	different_language	different language	English
5774e3cb76e3ad4370fba8ad982324c8	20270	spontaneous-speech-en-20270.mp3	18720	136	What advice would you give a friend who is nervous about something?	different_language	different language	English
caaa08af29cda5da5afd916f2805a921	28925	spontaneous-speech-en-28925.mp3	6336	145	What is your ideal party or celebration?	different_language	another language	English
5774e3cb76e3ad4370fba8ad982324c8	20249	spontaneous-speech-en-20249.mp3	30996	213	Is it easy to start a business in your country?	different_language	English language	English
caaa08af29cda5da5afd916f2805a921	28928	spontaneous-speech-en-28928.mp3	8388	150	Is there a place that is sacred or special to your or your family?	different_language	a different language	English
d1242ec456e1f92673c00e968d7e40ae	28739	spontaneous-speech-en-28739.mp3	3168	174	What do you think of school tests for young children?	other	its too short	English
4edaa220f83b835e99564c23bae8095b	6820	spontaneous-speech-en-6820.mp3	26208	145	What is your ideal party or celebration?	different_language	English language	English
1f539471127c904e22309f6fa599e98f	26	spontaneous-speech-en-26.mp3	6372	208	How do you think AI can be used in everyday life?	different_language	adifferent language	English
5774e3cb76e3ad4370fba8ad982324c8	20234	spontaneous-speech-en-20234.mp3	34380	157	In your culture, who takes care of people who are dying?	different_language	English language	English
1f539471127c904e22309f6fa599e98f	24	spontaneous-speech-en-24.mp3	6876	177	How would you go about finding a lawyer in your country?	different_language	English language	English
5774e3cb76e3ad4370fba8ad982324c8	20236	spontaneous-speech-en-20236.mp3	28476	194	Describe a creative, beautiful or decorative object that you own	different_language	language not expected	English
caaa08af29cda5da5afd916f2805a921	28901	spontaneous-speech-en-28901.mp3	2736	175	Is there a piece of homework you remember struggling with?	different_language	English langauge	English
caaa08af29cda5da5afd916f2805a921	28918	spontaneous-speech-en-28918.mp3	18468	198	Do people of different ages use technology differently?	different_language	another language	English
caaa08af29cda5da5afd916f2805a921	28915	spontaneous-speech-en-28915.mp3	10908	207	What are your thoughts on the benefits and risks of using technology?	other	another language	English
5098802e3d44fee74821c94dc7d2a1c9	20349	spontaneous-speech-en-20349.mp3	20340	221	How do banks keep your money safe?	different_language	English language	English
caaa08af29cda5da5afd916f2805a921	28938	spontaneous-speech-en-28938.mp3	8028	170	What are the schools like in your area?	different_language	another language	English
d0a735082ffc30ca01ef7d5ff4efad89	20308	spontaneous-speech-en-20308.mp3	13428	183	What kinds of sports or exercise do you like?	different_language	English language	English
5774e3cb76e3ad4370fba8ad982324c8	20250	spontaneous-speech-en-20250.mp3	8496	220	What do you think about using online banking?	other	Different language 	English
d1242ec456e1f92673c00e968d7e40ae	28607	spontaneous-speech-en-28607.mp3	3816	203	Do you drive any vehicles?	other	Too short 	English
caaa08af29cda5da5afd916f2805a921	28947	spontaneous-speech-en-28947.mp3	9216	240	How do older generations teach or engage with younger people in your society?	other	different language	English
7d1fdfc85a38a4ea03ea03f85f4710ac	8085	spontaneous-speech-en-8085.mp3	14868	196	What do you use technology for most often?	other	English language	English
caaa08af29cda5da5afd916f2805a921	28943	spontaneous-speech-en-28943.mp3	9720	155	What traditional medicines exist in your culture?	other	different language	English
caaa08af29cda5da5afd916f2805a921	28951	spontaneous-speech-en-28951.mp3	11268	172	Do schools in your country support multiple languages?	other	different language	English
caaa08af29cda5da5afd916f2805a921	28969	spontaneous-speech-en-28969.mp3	19260	222	What types of public services do you think are most important for a community?	other	not kulu	English
6504d56b742b6ca68180e542739c85ea	4575	spontaneous-speech-en-4575.mp3	33552	224	How have payments changed in your country over the last five years	other	not kuku 	English
d1242ec456e1f92673c00e968d7e40ae	28607	spontaneous-speech-en-28607.mp3	3816	203	Do you drive any vehicles?	other	one word on'y 	English
6504d56b742b6ca68180e542739c85ea	4608	spontaneous-speech-en-4608.mp3	19908	174	What do you think of school tests for young children?	other	not kuku	English
8c048326e93a94589190693897ce3456	29202	spontaneous-speech-en-29202.mp3	18540	164	Describe some foods that are healthy and nourishing 	different_language	This clip does not sound like English	English
ce26a60c6cc4728830c115ccc98aaaa7	29220	spontaneous-speech-en-29220.mp3	7236	232	What is a popular local children's book or story?	different_language	This does not sound like English.	English
caaa08af29cda5da5afd916f2805a921	28905	spontaneous-speech-en-28905.mp3	7920	223	What are the main reasons people in your community move to other places?	different_language		English
caaa08af29cda5da5afd916f2805a921	28910	spontaneous-speech-en-28910.mp3	11376	204	What technology do you worry about?	different_language		English
8c048326e93a94589190693897ce3456	29216	spontaneous-speech-en-29216.mp3	18576	161	What clothes do you like to wear?	different_language		English
6504d56b742b6ca68180e542739c85ea	4493	spontaneous-speech-en-4493.mp3	23688	139	What job would you most like to have and why?	different_language		English
ce26a60c6cc4728830c115ccc98aaaa7	29253	spontaneous-speech-en-29253.mp3	11772	169	How do people vote in your country?	different_language		English
caaa08af29cda5da5afd916f2805a921	28915	spontaneous-speech-en-28915.mp3	10908	207	What are your thoughts on the benefits and risks of using technology?	different_language	Sorry I don't recognise the language	English
8c048326e93a94589190693897ce3456	29177	spontaneous-speech-en-29177.mp3	19368	173	How can we make sure students in schools are kind to each other?	different_language		English
caaa08af29cda5da5afd916f2805a921	28880	spontaneous-speech-en-28880.mp3	18036	217	What challenges do entrepreneurs face when starting a business in your region?	different_language		English
d1242ec456e1f92673c00e968d7e40ae	28499	spontaneous-speech-en-28499.mp3	6300	172	Do schools in your country support multiple languages?	different_language		English
d1242ec456e1f92673c00e968d7e40ae	28651	spontaneous-speech-en-28651.mp3	6588	164	Describe some foods that are healthy and nourishing 	different_language	Might be Japanese	English
8c048326e93a94589190693897ce3456	29259	spontaneous-speech-en-29259.mp3	17208	147	Describe a moment when you felt great joy. What made this experience so special?	different_language	Not English and too long	English
ce26a60c6cc4728830c115ccc98aaaa7	29090	spontaneous-speech-en-29090.mp3	7164	153	How do you relax and keep your mind healthy?	different_language		English
ce26a60c6cc4728830c115ccc98aaaa7	29195	spontaneous-speech-en-29195.mp3	19080	164	Describe some foods that are healthy and nourishing 	different_language		English
caaa08af29cda5da5afd916f2805a921	28904	spontaneous-speech-en-28904.mp3	7380	148	What do you do to mark your birthday?	different_language		English
8c048326e93a94589190693897ce3456	29301	spontaneous-speech-en-29301.mp3	19836	235	What is a well-known story in your culture that you like?	different_language		English
4dcae38ee11d3a6606cc6cd636a3628b	57	spontaneous-speech-en-57.mp3	9864	155	What traditional medicines exist in your culture?	different_language		English
8c048326e93a94589190693897ce3456	29034	spontaneous-speech-en-29034.mp3	21600	226	Who is your favourite celebrity or actor?	different_language		English
6504d56b742b6ca68180e542739c85ea	4524	spontaneous-speech-en-4524.mp3	26892	186	Do you prefer to be indoors or outdoors? Why?	different_language		English
caaa08af29cda5da5afd916f2805a921	28945	spontaneous-speech-en-28945.mp3	5760	126	What kinds of plants or flowers have you seen this week?	different_language		English
d61dfa8687c5e5b0d0a9ab598550b381	28602	spontaneous-speech-en-28602.mp3	15696	204	What technology do you worry about?	different_language		English
ce26a60c6cc4728830c115ccc98aaaa7	29181	spontaneous-speech-en-29181.mp3	6012	228	What genre of music is your favourite?	different_language	Doesn't sound like English.	English
d1242ec456e1f92673c00e968d7e40ae	28430	spontaneous-speech-en-28430.mp3	20376	152	How do you take care of your body and health?	different_language	Doesn't sound like English.	English
8c048326e93a94589190693897ce3456	29139	spontaneous-speech-en-29139.mp3	7956	229	Who is your favourite musician, singer, or songwriter?	different_language		English
ce26a60c6cc4728830c115ccc98aaaa7	29273	spontaneous-speech-en-29273.mp3	17820	137	What advice would you give a friend who is away from home and missing their family?	different_language		English
8c048326e93a94589190693897ce3456	29060	spontaneous-speech-en-29060.mp3	14040	139	What job would you most like to have and why?	different_language		English
d1242ec456e1f92673c00e968d7e40ae	28749	spontaneous-speech-en-28749.mp3	4500	232	What is a popular local children's book or story?	different_language		English
51c320e4e7b185e51ca7169c82f48def	63121	spontaneous-speech-en-63121.mp3	4032	234	What local artist or craftsperson do you admire?	other		English
d1242ec456e1f92673c00e968d7e40ae	28676	spontaneous-speech-en-28676.mp3	6408	204	What technology do you worry about?	different_language		English
d1242ec456e1f92673c00e968d7e40ae	28722	spontaneous-speech-en-28722.mp3	9648	199	What do you wish you could use technology for?	different_language		English
5774e3cb76e3ad4370fba8ad982324c8	20220	spontaneous-speech-en-20220.mp3	18648	180	What kinds of documents do you need to move around within your country, or to neighbouring countries?	other		English
d1242ec456e1f92673c00e968d7e40ae	28744	spontaneous-speech-en-28744.mp3	3096	213	Is it easy to start a business in your country?	other		English
ce26a60c6cc4728830c115ccc98aaaa7	29157	spontaneous-speech-en-29157.mp3	7020	221	How do banks keep your money safe?	different_language		English
ce26a60c6cc4728830c115ccc98aaaa7	29044	spontaneous-speech-en-29044.mp3	10368	171	How can schools and parents help each other educate children?	different_language		English
d1242ec456e1f92673c00e968d7e40ae	28518	spontaneous-speech-en-28518.mp3	9828	239	What are some traditional games or activities children play in your community?	different_language		English
d1242ec456e1f92673c00e968d7e40ae	28631	spontaneous-speech-en-28631.mp3	5580	123	What is the climate like where you live?	different_language		English
ce26a60c6cc4728830c115ccc98aaaa7	29135	spontaneous-speech-en-29135.mp3	6624	179	What kinds of migration do you have in your country?	different_language	Not english	English
8c048326e93a94589190693897ce3456	29198	spontaneous-speech-en-29198.mp3	23940	212	How do you try and save money in your family?	different_language		English
caaa08af29cda5da5afd916f2805a921	28937	spontaneous-speech-en-28937.mp3	4680	131	What are the clouds like where you live?	different_language	The initial display is a pause button, not a play button, which makes me think the clip is playing and my speakers aren't working.	English
ce26a60c6cc4728830c115ccc98aaaa7	29266	spontaneous-speech-en-29266.mp3	7164	158	What one thing do you wish you did more of to stay healthy?	different_language		English
caaa08af29cda5da5afd916f2805a921	28986	spontaneous-speech-en-28986.mp3	9288	214	Does your government have strong welfare programmes?	different_language		English
caaa08af29cda5da5afd916f2805a921	28948	spontaneous-speech-en-28948.mp3	19476	151	Describe how to cook or prepare your favourite meal.	different_language		English
d1242ec456e1f92673c00e968d7e40ae	28551	spontaneous-speech-en-28551.mp3	13860	141	What is your biggest hope for the future?	different_language		English
d1242ec456e1f92673c00e968d7e40ae	28729	spontaneous-speech-en-28729.mp3	3780	128	Do you know any names for the stars and constellations?	different_language	same lady in the same not-english as last time.	English
d54a8d313fd555b408780be30d4e6163	41919	spontaneous-speech-en-41919.mp3	10908	158	What one thing do you wish you did more of to stay healthy?	different_language		English
8c048326e93a94589190693897ce3456	29225	spontaneous-speech-en-29225.mp3	17748	171	How can schools and parents help each other educate children?	different_language		English
caaa08af29cda5da5afd916f2805a921	28978	spontaneous-speech-en-28978.mp3	13716	212	How do you try and save money in your family?	different_language	at least half of these clips are not english.	English
caaa08af29cda5da5afd916f2805a921	28892	spontaneous-speech-en-28892.mp3	12780	177	How would you go about finding a lawyer in your country?	different_language		English
8c048326e93a94589190693897ce3456	29307	spontaneous-speech-en-29307.mp3	11808	122	What types of plants do you see most often?	different_language		English
ce26a60c6cc4728830c115ccc98aaaa7	29065	spontaneous-speech-en-29065.mp3	10692	200	What concerns do you have about mobile phones?	different_language		English
8c048326e93a94589190693897ce3456	29222	spontaneous-speech-en-29222.mp3	13176	168	What was your favourite subject in school and why?	different_language		English
ce26a60c6cc4728830c115ccc98aaaa7	29133	spontaneous-speech-en-29133.mp3	8748	213	Is it easy to start a business in your country?	different_language		English
6504d56b742b6ca68180e542739c85ea	4608	spontaneous-speech-en-4608.mp3	19908	174	What do you think of school tests for young children?	different_language		English
8c048326e93a94589190693897ce3456	29315	spontaneous-speech-en-29315.mp3	17316	153	How do you relax and keep your mind healthy?	different_language		English
8c048326e93a94589190693897ce3456	29165	spontaneous-speech-en-29165.mp3	19188	149	Describe how a teacher, mentor or relative has shaped your life?	different_language	same guy in not-english with beeps as last time.	English
8c048326e93a94589190693897ce3456	29062	spontaneous-speech-en-29062.mp3	15768	192	Describe a creative activity or project that you've ever worked on	different_language		English
caaa08af29cda5da5afd916f2805a921	28941	spontaneous-speech-en-28941.mp3	11880	237	Who is a famous historical figure or legend from your country?	different_language		English
8c048326e93a94589190693897ce3456	29238	spontaneous-speech-en-29238.mp3	13140	186	Do you prefer to be indoors or outdoors? Why?	different_language		English
ce26a60c6cc4728830c115ccc98aaaa7	29172	spontaneous-speech-en-29172.mp3	17748	229	Who is your favourite musician, singer, or songwriter?	different_language		English
caaa08af29cda5da5afd916f2805a921	28882	spontaneous-speech-en-28882.mp3	12240	226	Who is your favourite celebrity or actor?	different_language		English
ce26a60c6cc4728830c115ccc98aaaa7	29233	spontaneous-speech-en-29233.mp3	8316	146	Does your family tell stories about their history?	different_language		English
caaa08af29cda5da5afd916f2805a921	28914	spontaneous-speech-en-28914.mp3	10656	227	Describe your favourite movie, TV show, or play?	different_language		English
ce26a60c6cc4728830c115ccc98aaaa7	29160	spontaneous-speech-en-29160.mp3	4284	130	Why do you think the sky is blue?	different_language		English
caaa08af29cda5da5afd916f2805a921	28946	spontaneous-speech-en-28946.mp3	8820	174	What do you think of school tests for young children?	different_language		English
d1242ec456e1f92673c00e968d7e40ae	28710	spontaneous-speech-en-28710.mp3	17928	240	How do older generations teach or engage with younger people in your society?	different_language		English
6504d56b742b6ca68180e542739c85ea	4556	spontaneous-speech-en-4556.mp3	21960	128	Do you know any names for the stars and constellations?	different_language		English
ce26a60c6cc4728830c115ccc98aaaa7	29150	spontaneous-speech-en-29150.mp3	6444	126	What kinds of plants or flowers have you seen this week?	different_language		English
caaa08af29cda5da5afd916f2805a921	28926	spontaneous-speech-en-28926.mp3	10188	215	How can society help people in need?	different_language		English
ce26a60c6cc4728830c115ccc98aaaa7	29278	spontaneous-speech-en-29278.mp3	23760	186	Do you prefer to be indoors or outdoors? Why?	different_language		English
8c048326e93a94589190693897ce3456	29056	spontaneous-speech-en-29056.mp3	18468	178	What responsibilities do elected officials have to their communities?	different_language		English
caaa08af29cda5da5afd916f2805a921	28973	spontaneous-speech-en-28973.mp3	12780	153	How do you relax and keep your mind healthy?	different_language		English
d1242ec456e1f92673c00e968d7e40ae	28429	spontaneous-speech-en-28429.mp3	16848	155	What traditional medicines exist in your culture?	different_language		English
caaa08af29cda5da5afd916f2805a921	28886	spontaneous-speech-en-28886.mp3	1656	125	What kinds of pets are common in your community?	different_language	More than 70% appears to be in a wrong language 	English
caaa08af29cda5da5afd916f2805a921	28975	spontaneous-speech-en-28975.mp3	4536	229	Who is your favourite musician, singer, or songwriter?	different_language		English
d1242ec456e1f92673c00e968d7e40ae	28674	spontaneous-speech-en-28674.mp3	8028	166	Describe how to book a doctor's appointment in your country.	different_language		English
d1242ec456e1f92673c00e968d7e40ae	28627	spontaneous-speech-en-28627.mp3	7128	139	What job would you most like to have and why?	different_language		English
d1242ec456e1f92673c00e968d7e40ae	28698	spontaneous-speech-en-28698.mp3	4680	134	What do you think about climate change?	different_language	Not Enlgish	English
ce26a60c6cc4728830c115ccc98aaaa7	29286	spontaneous-speech-en-29286.mp3	22248	207	What are your thoughts on the benefits and risks of using technology?	different_language		English
d1242ec456e1f92673c00e968d7e40ae	28454	spontaneous-speech-en-28454.mp3	25236	184	How do you feel about swimming? Why?	different_language		English
8c048326e93a94589190693897ce3456	29032	spontaneous-speech-en-29032.mp3	16128	172	Do schools in your country support multiple languages?	different_language		English
8c048326e93a94589190693897ce3456	29309	spontaneous-speech-en-29309.mp3	20736	197	How often do you use a mobile phone?	different_language		English
d1242ec456e1f92673c00e968d7e40ae	28458	spontaneous-speech-en-28458.mp3	16200	223	What are the main reasons people in your community move to other places?	different_language		English
caaa08af29cda5da5afd916f2805a921	28977	spontaneous-speech-en-28977.mp3	10188	154	Why is it impportant to wash your hands regularly?	different_language		English
8c048326e93a94589190693897ce3456	29117	spontaneous-speech-en-29117.mp3	31140	135	Has the weather changed in your country over the last 10 years?	different_language		English
8c048326e93a94589190693897ce3456	29289	spontaneous-speech-en-29289.mp3	11448	185	How do you feel about long walks? Why?	different_language		English
8c048326e93a94589190693897ce3456	29092	spontaneous-speech-en-29092.mp3	26388	207	What are your thoughts on the benefits and risks of using technology?	different_language		English
ce26a60c6cc4728830c115ccc98aaaa7	29059	spontaneous-speech-en-29059.mp3	3816	150	Is there a place that is sacred or special to your or your family?	different_language		English
d1242ec456e1f92673c00e968d7e40ae	28441	spontaneous-speech-en-28441.mp3	21528	217	What challenges do entrepreneurs face when starting a business in your region?	different_language	not english	English
8c048326e93a94589190693897ce3456	29305	spontaneous-speech-en-29305.mp3	22356	216	What kinds of businesses do you wish your community had more of?	different_language	not english	English
6504d56b742b6ca68180e542739c85ea	4528	spontaneous-speech-en-4528.mp3	16344	229	Who is your favourite musician, singer, or songwriter?	different_language		English
d1242ec456e1f92673c00e968d7e40ae	28493	spontaneous-speech-en-28493.mp3	16236	154	Why is it impportant to wash your hands regularly?	different_language		English
d1242ec456e1f92673c00e968d7e40ae	28485	spontaneous-speech-en-28485.mp3	8316	131	What are the clouds like where you live?	different_language		English
ce26a60c6cc4728830c115ccc98aaaa7	29248	spontaneous-speech-en-29248.mp3	14400	133	Describe any plants you have grown or harvested	different_language		English
ce26a60c6cc4728830c115ccc98aaaa7	29033	spontaneous-speech-en-29033.mp3	10224	235	What is a well-known story in your culture that you like?	different_language		English
caaa08af29cda5da5afd916f2805a921	28898	spontaneous-speech-en-28898.mp3	14256	147	Describe a moment when you felt great joy. What made this experience so special?	different_language		English
d1242ec456e1f92673c00e968d7e40ae	28403	spontaneous-speech-en-28403.mp3	12780	195	Describe a board game, video games or card game that you've played	different_language		English
caaa08af29cda5da5afd916f2805a921	28913	spontaneous-speech-en-28913.mp3	4320	163	What colours do you like?	different_language		English
8c048326e93a94589190693897ce3456	29245	spontaneous-speech-en-29245.mp3	25740	151	Describe how to cook or prepare your favourite meal.	different_language		English
caaa08af29cda5da5afd916f2805a921	28908	spontaneous-speech-en-28908.mp3	14040	122	What types of plants do you see most often?	different_language		English
d1242ec456e1f92673c00e968d7e40ae	28635	spontaneous-speech-en-28635.mp3	7020	178	What responsibilities do elected officials have to their communities?	different_language		English
d1242ec456e1f92673c00e968d7e40ae	28572	spontaneous-speech-en-28572.mp3	8640	225	Describe how people pay for things in your society, for example with trade, cash, card or mobile phone?	different_language		English
8c048326e93a94589190693897ce3456	29182	spontaneous-speech-en-29182.mp3	22896	206	In what ways do you think technology could be better integrated into education?	different_language	Sounds French	English
6504d56b742b6ca68180e542739c85ea	4539	spontaneous-speech-en-4539.mp3	19692	233	What is your favorite local radio program?	different_language	This one also sounds French	English
d1242ec456e1f92673c00e968d7e40ae	28656	spontaneous-speech-en-28656.mp3	4356	133	Describe any plants you have grown or harvested	different_language		English
fd0a35ca00bd022635a0a5abff4642fc	63514	spontaneous-speech-en-63514.mp3	15624	175	Is there a piece of homework you remember struggling with?	other	No audio	English
ce26a60c6cc4728830c115ccc98aaaa7	29043	spontaneous-speech-en-29043.mp3	6480	142	What are you proud of?	different_language	Definitely not english.	English
d1242ec456e1f92673c00e968d7e40ae	28728	spontaneous-speech-en-28728.mp3	4140	146	Does your family tell stories about their history?	different_language	I DONT KNOW THIS LANGUAGE THIS IS NOT ENGLISH!!!!!!!!!!!!!	English
d1242ec456e1f92673c00e968d7e40ae	28745	spontaneous-speech-en-28745.mp3	13680	231	Describe a visit to a cinema in your country	different_language	not english	English
76e4dd5ea7b3d42452cd7c8d63a540a5	66745	spontaneous-speech-en-66745.mp3	6876	6650	What adventure sports are popular on beaches and rivers?	different_language	not english	English
ce26a60c6cc4728830c115ccc98aaaa7	29143	spontaneous-speech-en-29143.mp3	16848	215	How can society help people in need?	different_language		English
8c048326e93a94589190693897ce3456	29123	spontaneous-speech-en-29123.mp3	14580	182	If you could learn any skill, what would you want to learn?	different_language		English
caaa08af29cda5da5afd916f2805a921	28923	spontaneous-speech-en-28923.mp3	5508	225	Describe how people pay for things in your society, for example with trade, cash, card or mobile phone?	different_language		English
caaa08af29cda5da5afd916f2805a921	28884	spontaneous-speech-en-28884.mp3	5220	160	Who do you ask if you have a question about an ailment?	different_language		English
ce26a60c6cc4728830c115ccc98aaaa7	29264	spontaneous-speech-en-29264.mp3	7524	154	Why is it impportant to wash your hands regularly?	different_language		English
6d950b894e6c05b4866ec03c75107ca2	41971	spontaneous-speech-en-41971.mp3	326088	230	What games do children play in your community?	different_language		English
caaa08af29cda5da5afd916f2805a921	28981	spontaneous-speech-en-28981.mp3	12600	144	What wishes do you have for your children?	different_language		English
ce26a60c6cc4728830c115ccc98aaaa7	29302	spontaneous-speech-en-29302.mp3	17064	147	Describe a moment when you felt great joy. What made this experience so special?	different_language	I expected english	English
d1242ec456e1f92673c00e968d7e40ae	28641	spontaneous-speech-en-28641.mp3	16848	170	What are the schools like in your area?	different_language		English
8c048326e93a94589190693897ce3456	29240	spontaneous-speech-en-29240.mp3	7740	180	What kinds of documents do you need to move around within your country, or to neighbouring countries?	different_language		English
ce26a60c6cc4728830c115ccc98aaaa7	29124	spontaneous-speech-en-29124.mp3	6012	233	What is your favorite local radio program?	different_language	same beeping noise, same recorder 	English
8c048326e93a94589190693897ce3456	29188	spontaneous-speech-en-29188.mp3	13176	174	What do you think of school tests for young children?	different_language		English
8c048326e93a94589190693897ce3456	29200	spontaneous-speech-en-29200.mp3	22248	193	How do you feel about participating in team sports versus individual sports?	different_language		English
caaa08af29cda5da5afd916f2805a921	28960	spontaneous-speech-en-28960.mp3	8100	182	If you could learn any skill, what would you want to learn?	different_language		English
d1242ec456e1f92673c00e968d7e40ae	28750	spontaneous-speech-en-28750.mp3	5616	132	What seasons or weather variations do you have in your country?	different_language		English
caaa08af29cda5da5afd916f2805a921	28878	spontaneous-speech-en-28878.mp3	13356	196	What do you use technology for most often?	different_language		English
6d950b894e6c05b4866ec03c75107ca2	41917	spontaneous-speech-en-41917.mp3	740700	127	What is the biggest insect where you come from?	different_language		English
caaa08af29cda5da5afd916f2805a921	28921	spontaneous-speech-en-28921.mp3	11520	180	What kinds of documents do you need to move around within your country, or to neighbouring countries?	different_language		English
d1242ec456e1f92673c00e968d7e40ae	28650	spontaneous-speech-en-28650.mp3	13356	226	Who is your favourite celebrity or actor?	different_language		English
d1242ec456e1f92673c00e968d7e40ae	28645	spontaneous-speech-en-28645.mp3	4068	150	Is there a place that is sacred or special to your or your family?	different_language		English
d1242ec456e1f92673c00e968d7e40ae	28569	spontaneous-speech-en-28569.mp3	18828	230	What games do children play in your community?	different_language		English
fd0a35ca00bd022635a0a5abff4642fc	63515	spontaneous-speech-en-63515.mp3	15372	6681	What holidays do you and your family celebrate in the fall?	other	Silent	English
ce26a60c6cc4728830c115ccc98aaaa7	29268	spontaneous-speech-en-29268.mp3	15876	231	Describe a visit to a cinema in your country	different_language		English
ce26a60c6cc4728830c115ccc98aaaa7	29260	spontaneous-speech-en-29260.mp3	20376	192	Describe a creative activity or project that you've ever worked on	different_language		English
8c048326e93a94589190693897ce3456	29261	spontaneous-speech-en-29261.mp3	22608	191	If you could spend a day learning a new hobby, what would it be and why?	different_language		English
d1242ec456e1f92673c00e968d7e40ae	28404	spontaneous-speech-en-28404.mp3	24156	173	How can we make sure students in schools are kind to each other?	different_language		English
ce26a60c6cc4728830c115ccc98aaaa7	29063	spontaneous-speech-en-29063.mp3	5580	185	How do you feel about long walks? Why?	different_language		English
ce26a60c6cc4728830c115ccc98aaaa7	29030	spontaneous-speech-en-29030.mp3	7164	123	What is the climate like where you live?	different_language		English
ce26a60c6cc4728830c115ccc98aaaa7	29022	spontaneous-speech-en-29022.mp3	9576	208	How do you think AI can be used in everyday life?	different_language		English
8c048326e93a94589190693897ce3456	29190	spontaneous-speech-en-29190.mp3	8316	221	How do banks keep your money safe?	different_language		English
51c320e4e7b185e51ca7169c82f48def	63104	spontaneous-speech-en-63104.mp3	14112	5197	What color is the sky right now?	other	Abrupt volume change	English
8c048326e93a94589190693897ce3456	29252	spontaneous-speech-en-29252.mp3	6300	236	Does your community do any kind of traditional dance or music?	different_language		English
8c048326e93a94589190693897ce3456	29103	spontaneous-speech-en-29103.mp3	17496	158	What one thing do you wish you did more of to stay healthy?	different_language		English
caaa08af29cda5da5afd916f2805a921	28962	spontaneous-speech-en-28962.mp3	8820	137	What advice would you give a friend who is away from home and missing their family?	different_language		English
caaa08af29cda5da5afd916f2805a921	28907	spontaneous-speech-en-28907.mp3	8208	210	What kinds of places does your mobile have bad reception or service	different_language		English
ce26a60c6cc4728830c115ccc98aaaa7	29210	spontaneous-speech-en-29210.mp3	6156	127	What is the biggest insect where you come from?	different_language		English
ce26a60c6cc4728830c115ccc98aaaa7	29187	spontaneous-speech-en-29187.mp3	9216	132	What seasons or weather variations do you have in your country?	different_language		English
d1242ec456e1f92673c00e968d7e40ae	28702	spontaneous-speech-en-28702.mp3	16056	206	In what ways do you think technology could be better integrated into education?	different_language		English
caaa08af29cda5da5afd916f2805a921	28949	spontaneous-speech-en-28949.mp3	10440	200	What concerns do you have about mobile phones?	different_language		English
ce26a60c6cc4728830c115ccc98aaaa7	29299	spontaneous-speech-en-29299.mp3	6948	205	What technological advancements do you think would improve your quality of life?	different_language		English
8c048326e93a94589190693897ce3456	29106	spontaneous-speech-en-29106.mp3	14400	124	Describe the last animal you saw.	different_language		English
caaa08af29cda5da5afd916f2805a921	28971	spontaneous-speech-en-28971.mp3	19008	206	In what ways do you think technology could be better integrated into education?	different_language		English
6504d56b742b6ca68180e542739c85ea	4496	spontaneous-speech-en-4496.mp3	24228	170	What are the schools like in your area?	different_language		English
d1242ec456e1f92673c00e968d7e40ae	28604	spontaneous-speech-en-28604.mp3	4536	127	What is the biggest insect where you come from?	different_language		English
8c048326e93a94589190693897ce3456	29132	spontaneous-speech-en-29132.mp3	13068	159	What health concerns are pressing in your country?	different_language		English
8c048326e93a94589190693897ce3456	29085	spontaneous-speech-en-29085.mp3	15480	194	Describe a creative, beautiful or decorative object that you own	different_language		English
d1242ec456e1f92673c00e968d7e40ae	28600	spontaneous-speech-en-28600.mp3	7128	124	Describe the last animal you saw.	different_language		English
8c048326e93a94589190693897ce3456	29158	spontaneous-speech-en-29158.mp3	19836	181	What is the most stressful part of your work, studies or hobby?	different_language		English
ce26a60c6cc4728830c115ccc98aaaa7	29208	spontaneous-speech-en-29208.mp3	4716	234	What local artist or craftsperson do you admire?	different_language		English
caaa08af29cda5da5afd916f2805a921	28943	spontaneous-speech-en-28943.mp3	9720	155	What traditional medicines exist in your culture?	different_language		English
8c048326e93a94589190693897ce3456	29144	spontaneous-speech-en-29144.mp3	10800	204	What technology do you worry about?	different_language		English
8c048326e93a94589190693897ce3456	29075	spontaneous-speech-en-29075.mp3	7236	188	Which sports do you think are fun to watch?	different_language		English
d1242ec456e1f92673c00e968d7e40ae	28737	spontaneous-speech-en-28737.mp3	4608	233	What is your favorite local radio program?	different_language		English
8c048326e93a94589190693897ce3456	29271	spontaneous-speech-en-29271.mp3	14616	131	What are the clouds like where you live?	different_language		English
d1242ec456e1f92673c00e968d7e40ae	28751	spontaneous-speech-en-28751.mp3	6660	161	What clothes do you like to wear?	different_language		English
ce26a60c6cc4728830c115ccc98aaaa7	29242	spontaneous-speech-en-29242.mp3	22752	152	How do you take care of your body and health?	different_language		English
8c048326e93a94589190693897ce3456	29137	spontaneous-speech-en-29137.mp3	14148	179	What kinds of migration do you have in your country?	different_language		English
d1242ec456e1f92673c00e968d7e40ae	28532	spontaneous-speech-en-28532.mp3	7236	192	Describe a creative activity or project that you've ever worked on	different_language		English
8c048326e93a94589190693897ce3456	29127	spontaneous-speech-en-29127.mp3	15588	237	Who is a famous historical figure or legend from your country?	different_language	This is a different language, not English	English
98f2cb21e519ff0754d7dd1685c1423d	67290	spontaneous-speech-en-67290.mp3	4680	221	How do banks keep your money safe?	different_language	This is a different language, not English	English
ce26a60c6cc4728830c115ccc98aaaa7	29164	spontaneous-speech-en-29164.mp3	16956	134	What do you think about climate change?	different_language		English
d1242ec456e1f92673c00e968d7e40ae	28638	spontaneous-speech-en-28638.mp3	14760	200	What concerns do you have about mobile phones?	different_language		English
8c048326e93a94589190693897ce3456	29263	spontaneous-speech-en-29263.mp3	9576	239	What are some traditional games or activities children play in your community?	different_language		English
ce26a60c6cc4728830c115ccc98aaaa7	29057	spontaneous-speech-en-29057.mp3	6552	184	How do you feel about swimming? Why?	different_language		English
8c048326e93a94589190693897ce3456	29087	spontaneous-speech-en-29087.mp3	11916	160	Who do you ask if you have a question about an ailment?	different_language		English
8c048326e93a94589190693897ce3456	29114	spontaneous-speech-en-29114.mp3	28620	121	What do you want to do with your next day off?	different_language		English
caaa08af29cda5da5afd916f2805a921	28903	spontaneous-speech-en-28903.mp3	13968	181	What is the most stressful part of your work, studies or hobby?	different_language		English
8c048326e93a94589190693897ce3456	29314	spontaneous-speech-en-29314.mp3	9936	213	Is it easy to start a business in your country?	different_language		English
caaa08af29cda5da5afd916f2805a921	28968	spontaneous-speech-en-28968.mp3	9288	211	Does your family have a strict budget?	different_language		English
ce26a60c6cc4728830c115ccc98aaaa7	29189	spontaneous-speech-en-29189.mp3	8028	174	What do you think of school tests for young children?	different_language		English
8c048326e93a94589190693897ce3456	29257	spontaneous-speech-en-29257.mp3	25668	133	Describe any plants you have grown or harvested	different_language		English
d1242ec456e1f92673c00e968d7e40ae	28580	spontaneous-speech-en-28580.mp3	23076	207	What are your thoughts on the benefits and risks of using technology?	different_language		English
caaa08af29cda5da5afd916f2805a921	28966	spontaneous-speech-en-28966.mp3	8496	161	What clothes do you like to wear?	different_language		English
caaa08af29cda5da5afd916f2805a921	28976	spontaneous-speech-en-28976.mp3	9540	158	What one thing do you wish you did more of to stay healthy?	different_language		English
ce26a60c6cc4728830c115ccc98aaaa7	29256	spontaneous-speech-en-29256.mp3	14292	212	How do you try and save money in your family?	different_language		English
d1242ec456e1f92673c00e968d7e40ae	28558	spontaneous-speech-en-28558.mp3	10908	219	How can small loans help women start businesses?	different_language		English
ef7c2513f041b3c420589d651e7e72f7	69445	spontaneous-speech-en-69445.mp3	1584	197	How often do you use a mobile phone?	other	silent	English
4dcae38ee11d3a6606cc6cd636a3628b	114	spontaneous-speech-en-114.mp3	7596	183	What kinds of sports or exercise do you like?	other	silent	English
4386c6b952eac36062e735421eb0e9ba	66903	spontaneous-speech-en-66903.mp3	11808	6384	What makes someone a good teacher?	different_language		English
0ed1606131267e5e7a978803f68a6ae6	70991	spontaneous-speech-en-70991.mp3	2520	7238	What do you look for in clothing?	different_language	Just no idea what this person is saying	English
ce26a60c6cc4728830c115ccc98aaaa7	29119	spontaneous-speech-en-29119.mp3	26280	170	What are the schools like in your area?	different_language		English
d1242ec456e1f92673c00e968d7e40ae	28697	spontaneous-speech-en-28697.mp3	6048	229	Who is your favourite musician, singer, or songwriter?	different_language		English
ce26a60c6cc4728830c115ccc98aaaa7	29231	spontaneous-speech-en-29231.mp3	3456	198	Do people of different ages use technology differently?	different_language		English
8c048326e93a94589190693897ce3456	29078	spontaneous-speech-en-29078.mp3	8496	155	What traditional medicines exist in your culture?	different_language		English
d1242ec456e1f92673c00e968d7e40ae	28742	spontaneous-speech-en-28742.mp3	16668	151	Describe how to cook or prepare your favourite meal.	different_language	i couldn't understand english from the recording	English
d1242ec456e1f92673c00e968d7e40ae	28739	spontaneous-speech-en-28739.mp3	3168	174	What do you think of school tests for young children?	different_language	This is not English	English
caaa08af29cda5da5afd916f2805a921	28961	spontaneous-speech-en-28961.mp3	12168	141	What is your biggest hope for the future?	different_language		English
ce26a60c6cc4728830c115ccc98aaaa7	29288	spontaneous-speech-en-29288.mp3	24588	240	How do older generations teach or engage with younger people in your society?	different_language		English
d1242ec456e1f92673c00e968d7e40ae	28747	spontaneous-speech-en-28747.mp3	3348	126	What kinds of plants or flowers have you seen this week?	different_language		English
76e4dd5ea7b3d42452cd7c8d63a540a5	66746	spontaneous-speech-en-66746.mp3	4896	6293	What was the last big trip you went on?	different_language		English
6d950b894e6c05b4866ec03c75107ca2	41972	spontaneous-speech-en-41972.mp3	488196	223	What are the main reasons people in your community move to other places?	different_language		English
d1242ec456e1f92673c00e968d7e40ae	28478	spontaneous-speech-en-28478.mp3	12816	157	In your culture, who takes care of people who are dying?	different_language		English
caaa08af29cda5da5afd916f2805a921	28930	spontaneous-speech-en-28930.mp3	4968	213	Is it easy to start a business in your country?	different_language		English
caaa08af29cda5da5afd916f2805a921	28893	spontaneous-speech-en-28893.mp3	11376	156	Who takes care of women expecting babies in your community?	different_language		English
ce26a60c6cc4728830c115ccc98aaaa7	29095	spontaneous-speech-en-29095.mp3	18432	217	What challenges do entrepreneurs face when starting a business in your region?	different_language		English
caaa08af29cda5da5afd916f2805a921	28933	spontaneous-speech-en-28933.mp3	3420	203	Do you drive any vehicles?	different_language		English
ce26a60c6cc4728830c115ccc98aaaa7	29116	spontaneous-speech-en-29116.mp3	9216	191	If you could spend a day learning a new hobby, what would it be and why?	different_language		English
ce26a60c6cc4728830c115ccc98aaaa7	29111	spontaneous-speech-en-29111.mp3	26676	151	Describe how to cook or prepare your favourite meal.	different_language		English
ce26a60c6cc4728830c115ccc98aaaa7	29053	spontaneous-speech-en-29053.mp3	7164	189	Do you play any musical instruments?	different_language		English
d1242ec456e1f92673c00e968d7e40ae	28607	spontaneous-speech-en-28607.mp3	3816	203	Do you drive any vehicles?	different_language		English
e9110e8bfc8072eb38c0a12ac7d3247c	72135	spontaneous-speech-en-72135.mp3	33516	231	Describe a visit to a cinema in your country	different_language		English
149a8046548f73f3d34eeced1b046f5a	69210	spontaneous-speech-en-69210.mp3	3456	7356	What is something that you believe very hard?	different_language		English
caaa08af29cda5da5afd916f2805a921	28917	spontaneous-speech-en-28917.mp3	15768	178	What responsibilities do elected officials have to their communities?	different_language		English
caaa08af29cda5da5afd916f2805a921	28963	spontaneous-speech-en-28963.mp3	17280	171	How can schools and parents help each other educate children?	different_language		English
5232f556a694977277ea9fd511c6c993	73719	spontaneous-speech-en-73719.mp3	10116	8837	Do you wear glasses? How long have you needed them? What do you need them for?	different_language		English
ce26a60c6cc4728830c115ccc98aaaa7	29041	spontaneous-speech-en-29041.mp3	6264	194	Describe a creative, beautiful or decorative object that you own	different_language		English
052e3132c6e939922d7fb772b246415d	72465	spontaneous-speech-en-72465.mp3	3168	6382	What is your favorite joke?	different_language		English
052e3132c6e939922d7fb772b246415d	72465	spontaneous-speech-en-72465.mp3	3168	6382	What is your favorite joke?	other		English
5232f556a694977277ea9fd511c6c993	73744	spontaneous-speech-en-73744.mp3	10836	159	What health concerns are pressing in your country?	different_language		English
ce26a60c6cc4728830c115ccc98aaaa7	29148	spontaneous-speech-en-29148.mp3	10728	237	Who is a famous historical figure or legend from your country?	different_language		English
f4335e42158bf069a1d9e0ca4daf1ac6	73845	spontaneous-speech-en-73845.mp3	1296	6339	What games do you like to play?	other		English
8c048326e93a94589190693897ce3456	29029	spontaneous-speech-en-29029.mp3	10476	230	What games do children play in your community?	different_language		English
f4335e42158bf069a1d9e0ca4daf1ac6	73844	spontaneous-speech-en-73844.mp3	1728	7355	What is your dream?	other		English
caaa08af29cda5da5afd916f2805a921	28932	spontaneous-speech-en-28932.mp3	11448	220	What do you think about using online banking?	other		English
caaa08af29cda5da5afd916f2805a921	28932	spontaneous-speech-en-28932.mp3	11448	220	What do you think about using online banking?	different_language		English
5232f556a694977277ea9fd511c6c993	73705	spontaneous-speech-en-73705.mp3	20448	181	What is the most stressful part of your work, studies or hobby?	different_language		English
6992a7391aecf6583b3bb253e777504a	74473	spontaneous-speech-en-74473.mp3	4644	217	What challenges do entrepreneurs face when starting a business in your region?	different_language		English
d1242ec456e1f92673c00e968d7e40ae	28593	spontaneous-speech-en-28593.mp3	10656	205	What technological advancements do you think would improve your quality of life?	different_language		English
dd3349dde79231489d6a517760406418	72313	spontaneous-speech-en-72313.mp3	4068	6347	What is a good present for a child?	different_language		English
d1242ec456e1f92673c00e968d7e40ae	28733	spontaneous-speech-en-28733.mp3	12168	153	How do you relax and keep your mind healthy?	different_language		English
5232f556a694977277ea9fd511c6c993	73746	spontaneous-speech-en-73746.mp3	32616	167	How did you learn the languages that you speak?	different_language		English
26dff08c5545b02daf4bcfdec5366c87	73129	spontaneous-speech-en-73129.mp3	18216	6650	What adventure sports are popular on beaches and rivers?	different_language		English
26dff08c5545b02daf4bcfdec5366c87	73127	spontaneous-speech-en-73127.mp3	13068	162	Where is your ideal vacation or trip?	different_language		English
5232f556a694977277ea9fd511c6c993	73697	spontaneous-speech-en-73697.mp3	5400	6357	What is a strange interview question?	different_language		English
dd3349dde79231489d6a517760406418	72343	spontaneous-speech-en-72343.mp3	4248	6373	How much money is enough?	different_language		English
58f47d8d9388bb101ce91e947db86e3d	74992	spontaneous-speech-en-74992.mp3	3204	6320	Are you good at growing plants?	different_language		English
ce26a60c6cc4728830c115ccc98aaaa7	29025	spontaneous-speech-en-29025.mp3	16128	148	What do you do to mark your birthday?	different_language		English
5232f556a694977277ea9fd511c6c993	73722	spontaneous-speech-en-73722.mp3	8316	182	If you could learn any skill, what would you want to learn?	different_language		English
5232f556a694977277ea9fd511c6c993	73693	spontaneous-speech-en-73693.mp3	12276	6332	If you could ask god any question, what would you ask?	different_language		English
d1242ec456e1f92673c00e968d7e40ae	28726	spontaneous-speech-en-28726.mp3	4608	125	What kinds of pets are common in your community?	different_language		English
caaa08af29cda5da5afd916f2805a921	28879	spontaneous-speech-en-28879.mp3	7740	202	Tell me about the time you got your first phone.	different_language		English
ce26a60c6cc4728830c115ccc98aaaa7	29205	spontaneous-speech-en-29205.mp3	14832	178	What responsibilities do elected officials have to their communities?	different_language		English
5232f556a694977277ea9fd511c6c993	73739	spontaneous-speech-en-73739.mp3	8820	175	Is there a piece of homework you remember struggling with?	different_language		English
b28c09b34ea3d5d694752027dac005ff	73164	spontaneous-speech-en-73164.mp3	5436	137	What advice would you give a friend who is away from home and missing their family?	different_language		English
5232f556a694977277ea9fd511c6c993	73735	spontaneous-speech-en-73735.mp3	10908	6869	What brings you nostalgia?	different_language		English
bc801a216702678e2ec2ca0de81f063f	74148	spontaneous-speech-en-74148.mp3	6336	6336	How should children treat their parents?	different_language	the voice is Japanese	English
ee774b4e459f62505334dc744ffc11fa	75310	spontaneous-speech-en-75310.mp3	3456	7967	Do you give to charity? How?	different_language		English
f4335e42158bf069a1d9e0ca4daf1ac6	73861	spontaneous-speech-en-73861.mp3	7380	6652	What safety precautions are unique to adventure activities?	different_language		English
03734baef6982cf6e22284fde5863f42	73957	spontaneous-speech-en-73957.mp3	3096	6304	What do you like to do outside?	different_language		English
ce26a60c6cc4728830c115ccc98aaaa7	29297	spontaneous-speech-en-29297.mp3	18684	159	What health concerns are pressing in your country?	different_language		English
ce26a60c6cc4728830c115ccc98aaaa7	29237	spontaneous-speech-en-29237.mp3	6804	222	What types of public services do you think are most important for a community?	different_language		English
f4335e42158bf069a1d9e0ca4daf1ac6	73862	spontaneous-speech-en-73862.mp3	10368	159	What health concerns are pressing in your country?	different_language		English
8c048326e93a94589190693897ce3456	29141	spontaneous-speech-en-29141.mp3	4680	201	What do you think AI is?	different_language		English
f4335e42158bf069a1d9e0ca4daf1ac6	73860	spontaneous-speech-en-73860.mp3	7560	8000	What talent would you show off in a talent show?	different_language		English
ee774b4e459f62505334dc744ffc11fa	75367	spontaneous-speech-en-75367.mp3	5580	231	Describe a visit to a cinema in your country	different_language		English
d1242ec456e1f92673c00e968d7e40ae	28443	spontaneous-speech-en-28443.mp3	15228	138	When you were a child what did you want to be when you grow up?	different_language		English
58f47d8d9388bb101ce91e947db86e3d	74997	spontaneous-speech-en-74997.mp3	3204	6222	What is your earliest memory?	different_language		English
d42280c8143b96fc740d68aca6447b03	71797	spontaneous-speech-en-71797.mp3	4536	6378	What is your favorite color?	different_language		English
bc801a216702678e2ec2ca0de81f063f	74146	spontaneous-speech-en-74146.mp3	4320	8329	Why is the sky on Earth blue?	different_language		English
ce26a60c6cc4728830c115ccc98aaaa7	29215	spontaneous-speech-en-29215.mp3	3060	172	Do schools in your country support multiple languages?	different_language		English
ce26a60c6cc4728830c115ccc98aaaa7	29295	spontaneous-speech-en-29295.mp3	23580	196	What do you use technology for most often?	different_language		English
89039fdad01ad3e32c1d3c9effba98b2	73878	spontaneous-speech-en-73878.mp3	5220	8325	When you think of a robot, what comes to mind? What do you think has influenced this perception?	different_language		English
89039fdad01ad3e32c1d3c9effba98b2	73879	spontaneous-speech-en-73879.mp3	7128	6355	What or who always makes you laugh?	different_language		English
ee774b4e459f62505334dc744ffc11fa	75315	spontaneous-speech-en-75315.mp3	3996	7215	What language would you want to learn, if you had the time?	different_language		English
d1242ec456e1f92673c00e968d7e40ae	28715	spontaneous-speech-en-28715.mp3	5940	198	Do people of different ages use technology differently?	different_language		English
bc801a216702678e2ec2ca0de81f063f	74151	spontaneous-speech-en-74151.mp3	14508	7214	If there’s one thing you could say to the leader of your country, what would it be?	different_language		English
58f47d8d9388bb101ce91e947db86e3d	74993	spontaneous-speech-en-74993.mp3	2916	126	What kinds of plants or flowers have you seen this week?	different_language		English
5232f556a694977277ea9fd511c6c993	73750	spontaneous-speech-en-73750.mp3	54468	7237	Why are you contributing to Common Voice?	different_language		English
46bd95f04a09e3130470dd98b520d173	74232	spontaneous-speech-en-74232.mp3	5040	7359	What is one good quality about yourself?	different_language		English
5232f556a694977277ea9fd511c6c993	73708	spontaneous-speech-en-73708.mp3	4608	6654	How are adventure sports instructors trained?	different_language		English
ee774b4e459f62505334dc744ffc11fa	75326	spontaneous-speech-en-75326.mp3	11016	147	Describe a moment when you felt great joy. What made this experience so special?	different_language		English
052e3132c6e939922d7fb772b246415d	72462	spontaneous-speech-en-72462.mp3	7596	6389	What do you like about travelling?	different_language		English
ee774b4e459f62505334dc744ffc11fa	75345	spontaneous-speech-en-75345.mp3	5688	6673	Can you describe your favorite water sport experience?	different_language		English
ee774b4e459f62505334dc744ffc11fa	75320	spontaneous-speech-en-75320.mp3	3168	6294	What is your favorite hobby and why?	different_language		English
a27026329b9fba4713c8d88c9ef855e9	75515	spontaneous-speech-en-75515.mp3	1656	168	What was your favourite subject in school and why?	other	no words spoken	English
b28c09b34ea3d5d694752027dac005ff	73163	spontaneous-speech-en-73163.mp3	11628	6329	What do you believe about god?	different_language		English
b28c09b34ea3d5d694752027dac005ff	73163	spontaneous-speech-en-73163.mp3	11628	6329	What do you believe about god?	different_language		English
b28c09b34ea3d5d694752027dac005ff	73163	spontaneous-speech-en-73163.mp3	11628	6329	What do you believe about god?	different_language		English
89039fdad01ad3e32c1d3c9effba98b2	73882	spontaneous-speech-en-73882.mp3	5976	6327	What is most important to teach children?	different_language		English
6c2fe4fe141df1feb0068cae81202964	76385	spontaneous-speech-en-76385.mp3	2808	7996	What makes you cry?	different_language		English
ce26a60c6cc4728830c115ccc98aaaa7	29145	spontaneous-speech-en-29145.mp3	23868	204	What technology do you worry about?	different_language		English
ce26a60c6cc4728830c115ccc98aaaa7	29145	spontaneous-speech-en-29145.mp3	23868	204	What technology do you worry about?	different_language		English
5232f556a694977277ea9fd511c6c993	73742	spontaneous-speech-en-73742.mp3	9720	234	What local artist or craftsperson do you admire?	different_language		English
5232f556a694977277ea9fd511c6c993	73731	spontaneous-speech-en-73731.mp3	6048	8835	What sort of colors suit you in clothing?	different_language		English
c4bbab6defd4a80f3cafb4c3dd050c14	76585	spontaneous-speech-en-76585.mp3	7128	173	How can we make sure students in schools are kind to each other?	other		English
caaa08af29cda5da5afd916f2805a921	28894	spontaneous-speech-en-28894.mp3	5616	189	Do you play any musical instruments?	different_language		English
73f01ed66ad8307cb8da35e9aa149d6a	76224	spontaneous-speech-en-76224.mp3	2880	184	How do you feel about swimming? Why?	other		English
aba0dd4d3213b4d14b972af43c0c84f5	77789	spontaneous-speech-en-77789.mp3	17100	204	What technology do you worry about?	different_language	Japanese?	English
052e3132c6e939922d7fb772b246415d	72466	spontaneous-speech-en-72466.mp3	3888	7215	What language would you want to learn, if you had the time?	different_language		English
196a5cad7254e133fbb226989034e460	75572	spontaneous-speech-en-75572.mp3	5400	8325	When you think of a robot, what comes to mind? What do you think has influenced this perception?	different_language	Japanese?	English
f16f2e7fccd78989af8b9bb507438f38	73118	spontaneous-speech-en-73118.mp3	12420	6672	What safety precautions do you take during water activities?	different_language		English
dd11025ad41f020735ed5b261eeffc62	77383	spontaneous-speech-en-77383.mp3	2916	6873	"Do you know the game ""The Hundred Line -Last Defense Academy-"" ?"	different_language		English
f6aaf200daa9bdcd0e3b1cb40fd42ff4	77461	spontaneous-speech-en-77461.mp3	6516	234	What local artist or craftsperson do you admire?	different_language		English
5c0eb0daa73a63891a463fa66f5c316b	75137	spontaneous-speech-en-75137.mp3	216	6681	What holidays do you and your family celebrate in the fall?	other	No sound	English
a27026329b9fba4713c8d88c9ef855e9	75528	spontaneous-speech-en-75528.mp3	3528	6304	What do you like to do outside?	other	No sound	English
18c935d2dc420ee8a3fad1aaf8940590	76225	spontaneous-speech-en-76225.mp3	5580	6319	How do you show love to a friend?	different_language		English
3af2ab5be747757784ab846bdb90ca70	77748	spontaneous-speech-en-77748.mp3	5508	9267	将来、AIは人間にとって脅威になると思いますか？	different_language		English
c4bbab6defd4a80f3cafb4c3dd050c14	76280	spontaneous-speech-en-76280.mp3	5580	7975	If you could spend a day as another person, who would you choose?	other	No sounds	English
3f52e83d753bfdb58dfa1bf8da1ff2fd	77848	spontaneous-speech-en-77848.mp3	2988	6386	How do you like to travel? Why?	different_language		English
d509d3ba78e53774886b989115e748f6	77538	spontaneous-speech-en-77538.mp3	2340	235	What is a well-known story in your culture that you like?	different_language		English
ee774b4e459f62505334dc744ffc11fa	75303	spontaneous-speech-en-75303.mp3	4356	6350	What is the worst present you ever received?	different_language		English
ef7c2513f041b3c420589d651e7e72f7	69444	spontaneous-speech-en-69444.mp3	1692	163	What colours do you like?	other	No sound	English
bba664dfffabbfbb21066c1a8e73a3b1	77290	spontaneous-speech-en-77290.mp3	612	223	What are the main reasons people in your community move to other places?	other	No sound	English
3bca534f775a5a7d006e05dfcf386b54	76646	spontaneous-speech-en-76646.mp3	4356	173	How can we make sure students in schools are kind to each other?	different_language		English
00a1abf4c4bd78a254176b6f91d10972	77636	spontaneous-speech-en-77636.mp3	2448	6376	What do you value most?	different_language		English
8c562d3b5077db1fafe584ad21c353d2	76479	spontaneous-speech-en-76479.mp3	576	215	How can society help people in need?	other	No words	English
1b54eb67011a365112f5f982daab2383	77880	spontaneous-speech-en-77880.mp3	2448	228	What genre of music is your favourite?	different_language		English
8c562d3b5077db1fafe584ad21c353d2	76501	spontaneous-speech-en-76501.mp3	1260	159	What health concerns are pressing in your country?	other	No words	English
1b54eb67011a365112f5f982daab2383	77882	spontaneous-speech-en-77882.mp3	2340	6367	What is your greatest strength?	different_language		English
3bca534f775a5a7d006e05dfcf386b54	76629	spontaneous-speech-en-76629.mp3	2916	6292	What do you plan to do this week?	different_language		English
d96706ea1f5cbd9e1fef9d92c3d76939	77431	spontaneous-speech-en-77431.mp3	4968	138	When you were a child what did you want to be when you grow up?	other	No words	English
8c562d3b5077db1fafe584ad21c353d2	76469	spontaneous-speech-en-76469.mp3	684	7966	Was there a sermon or lesson you really remember well?	other	No words	English
8c562d3b5077db1fafe584ad21c353d2	76514	spontaneous-speech-en-76514.mp3	1980	6379	Do you get enough sleep?	other	No sounds	English
0cbb0cd6ccd446c2320e2af4211fc8b9	77303	spontaneous-speech-en-77303.mp3	720	5194	Do you like to work?	other	No sound	English
1b65168c180d3ab12403e4fd7d4601bf	78103	spontaneous-speech-en-78103.mp3	3204	6321	What is on your desk right now?	different_language		English
a27026329b9fba4713c8d88c9ef855e9	75502	spontaneous-speech-en-75502.mp3	1548	7232	How do you keep warm in winter?	different_language		English
7caa97d4e08dd222199c30191685b10c	77734	spontaneous-speech-en-77734.mp3	6768	7216	What’s the weirdest place you have had a meal?	different_language		English
c4bbab6defd4a80f3cafb4c3dd050c14	76283	spontaneous-speech-en-76283.mp3	1440	187	What kind of art do you like?	other	no sound	English
9d152467262ec07af57f4bc29c76085d	77407	spontaneous-speech-en-77407.mp3	3420	9265	日本語は外国人にとって難しいです。	different_language		English
ee774b4e459f62505334dc744ffc11fa	75368	spontaneous-speech-en-75368.mp3	2880	6378	What is your favorite color?	different_language		English
a5090516bcfbce0683ada5e9f66ff02a	76732	spontaneous-speech-en-76732.mp3	2736	6305	What is your favorite video game?	different_language		English
0fd17362508435c9ac6bec93c0af2e62	73835	spontaneous-speech-en-73835.mp3	720	7236	What is your favorite tongue twister?	other	no content	English
b741b022a164c0e2269b62c0218a709d	76183	spontaneous-speech-en-76183.mp3	5148	122	What types of plants do you see most often?	other	No speech	English
8c562d3b5077db1fafe584ad21c353d2	76512	spontaneous-speech-en-76512.mp3	828	5196	Do you like running?	other	No speech	English
ee774b4e459f62505334dc744ffc11fa	75355	spontaneous-speech-en-75355.mp3	6948	181	What is the most stressful part of your work, studies or hobby?	different_language		English
5232f556a694977277ea9fd511c6c993	73701	spontaneous-speech-en-73701.mp3	6300	169	How do people vote in your country?	different_language		English
b7e55ee27614f3f20d7f1760a0daac5d	76600	spontaneous-speech-en-76600.mp3	4968	6292	What do you plan to do this week?	other	No speech	English
8c562d3b5077db1fafe584ad21c353d2	76502	spontaneous-speech-en-76502.mp3	1260	6337	How should we care for the elderly?	other	no speech	English
caaa08af29cda5da5afd916f2805a921	28983	spontaneous-speech-en-28983.mp3	7200	167	How did you learn the languages that you speak?	different_language		English
ce26a60c6cc4728830c115ccc98aaaa7	29304	spontaneous-speech-en-29304.mp3	18540	140	What's your favourite holiday and why?	different_language	not English	English
dd3349dde79231489d6a517760406418	72318	spontaneous-speech-en-72318.mp3	5868	6386	How do you like to travel? Why?	different_language		English
3a645782468d201226d2c14185a8c8c9	77209	spontaneous-speech-en-77209.mp3	4824	6341	Where do you worship?	different_language		English
0fd17362508435c9ac6bec93c0af2e62	73807	spontaneous-speech-en-73807.mp3	3636	136	What advice would you give a friend who is nervous about something?	other	No words	English
ee774b4e459f62505334dc744ffc11fa	75341	spontaneous-speech-en-75341.mp3	4860	148	What do you do to mark your birthday?	different_language		English
8c562d3b5077db1fafe584ad21c353d2	76512	spontaneous-speech-en-76512.mp3	828	5196	Do you like running?	other	No sound	English
8c048326e93a94589190693897ce3456	29129	spontaneous-speech-en-29129.mp3	28476	152	How do you take care of your body and health?	different_language		English
523b94bed5eb57a88074ad5240b1adf5	77281	spontaneous-speech-en-77281.mp3	1908	6354	What annoys you?	different_language		English
3f52e83d753bfdb58dfa1bf8da1ff2fd	77805	spontaneous-speech-en-77805.mp3	1980	9264	バレーボールが好きです。	different_language		English
4e7b5dc6fc16c1e06da39598adb12f57	75627	spontaneous-speech-en-75627.mp3	3240	202	Tell me about the time you got your first phone.	different_language		English
7e0ba0275aab56e419d1ac0aa6d9dc16	76286	spontaneous-speech-en-76286.mp3	8640	237	Who is a famous historical figure or legend from your country?	different_language		English
d2e7eea3b97145acf21f3c0dfe606d44	76955	spontaneous-speech-en-76955.mp3	3780	6327	What is most important to teach children?	different_language		English
ee774b4e459f62505334dc744ffc11fa	75342	spontaneous-speech-en-75342.mp3	4500	7219	How many left-handed people do you know?	different_language		English
f80e04bc95527e8d1dee5868e9597c08	78160	spontaneous-speech-en-78160.mp3	2340	6358	How do you handle someone staring at you?	different_language		English
1b54eb67011a365112f5f982daab2383	78020	spontaneous-speech-en-78020.mp3	1440	6368	What are the assumptions you make about people?	different_language		English
f7bfaea11982396c5eeda5680ee78c69	77155	spontaneous-speech-en-77155.mp3	3636	6335	What is your favorite animal?	other	No words	English
fadfd69228c317b1beaa359b0e0f2bbf	78212	spontaneous-speech-en-78212.mp3	7956	210	What kinds of places does your mobile have bad reception or service	different_language		English
d42dc33434484cd99fd93c8612579c5a	75599	spontaneous-speech-en-75599.mp3	1836	6383	Is it important to be unique?	other	No sound	English
53bb357df1755c1b526583490ac60164	75727	spontaneous-speech-en-75727.mp3	4644	6326	How do you get to the doctor?	other	no words	English
a569bc5af35b0e73b6a732bd6f69911f	73682	spontaneous-speech-en-73682.mp3	3600	6674	What equipment is essential for your water sport?	other	This has no words	English
7e0ba0275aab56e419d1ac0aa6d9dc16	76292	spontaneous-speech-en-76292.mp3	1188	6223	Are you happy with the way your life has turned out so far?	other	There are no words	English
3140741074e360591b97c50ce6d3e742	77056	spontaneous-speech-en-77056.mp3	3528	6876	Dp you like Japan? Why?	other	Other speaker in the background	English
caaa08af29cda5da5afd916f2805a921	28979	spontaneous-speech-en-28979.mp3	10008	136	What advice would you give a friend who is nervous about something?	different_language	I expected english and this was not english	English
d8d96f54f06a75834a62c2c0499da012	76961	spontaneous-speech-en-76961.mp3	6948	8838	When you have a cold, what is your go-to remedy for feeling better?	other	unintelligible, second voice in background speaking	English
3eceba229c1562f52e42971b58f8e77b	77928	spontaneous-speech-en-77928.mp3	2124	224	How have payments changed in your country over the last five years	different_language	I expected english and this isn't english	English
3f52e83d753bfdb58dfa1bf8da1ff2fd	77804	spontaneous-speech-en-77804.mp3	6300	240	How do older generations teach or engage with younger people in your society?	different_language	I expected english	English
8c562d3b5077db1fafe584ad21c353d2	76451	spontaneous-speech-en-76451.mp3	1152	228	What genre of music is your favourite?	different_language	more of a murmur than words, but could be another language.	English
aba0dd4d3213b4d14b972af43c0c84f5	77873	spontaneous-speech-en-77873.mp3	2448	7225	What’s the last thing you ate?	different_language		English
02d32c193f011d23485868e7acba2be5	76869	spontaneous-speech-en-76869.mp3	2808	6678	What holidays do you celebrate in winter?	different_language		English
fadfd69228c317b1beaa359b0e0f2bbf	78222	spontaneous-speech-en-78222.mp3	5760	189	Do you play any musical instruments?	different_language		English
196a5cad7254e133fbb226989034e460	75564	spontaneous-speech-en-75564.mp3	4680	209	How do you top up, add credit or pay for your mobile phone	different_language		English
00a1abf4c4bd78a254176b6f91d10972	77637	spontaneous-speech-en-77637.mp3	1728	6345	Were you affected by the pandemic?	different_language		English
8c048326e93a94589190693897ce3456	29282	spontaneous-speech-en-29282.mp3	26496	200	What concerns do you have about mobile phones?	different_language		English
5420f0f979b5e1a40cf4f3fa6fd368c2	76153	spontaneous-speech-en-76153.mp3	3276	6344	What is the longest you've stayed in your house?	different_language		English
4cd8e84fc90f1f42885cbaf124e05813	77439	spontaneous-speech-en-77439.mp3	5976	152	How do you take care of your body and health?	different_language		English
0fd17362508435c9ac6bec93c0af2e62	73835	spontaneous-speech-en-73835.mp3	720	7236	What is your favorite tongue twister?	other	empty recording	English
d509d3ba78e53774886b989115e748f6	77546	spontaneous-speech-en-77546.mp3	3816	6678	What holidays do you celebrate in winter?	other	noisy	English
5232f556a694977277ea9fd511c6c993	73720	spontaneous-speech-en-73720.mp3	34056	8325	When you think of a robot, what comes to mind? What do you think has influenced this perception?	different_language		English
caaa08af29cda5da5afd916f2805a921	28899	spontaneous-speech-en-28899.mp3	6588	142	What are you proud of?	different_language		English
a27026329b9fba4713c8d88c9ef855e9	75485	spontaneous-speech-en-75485.mp3	1296	6297	Are there any foods you hate to eat?	different_language		English
3b3461a14621a27a500846bb7c6b802a	76411	spontaneous-speech-en-76411.mp3	3456	235	What is a well-known story in your culture that you like?	different_language		English
a27026329b9fba4713c8d88c9ef855e9	75514	spontaneous-speech-en-75514.mp3	3996	154	Why is it impportant to wash your hands regularly?	different_language		English
76d5a99607ec39eb40049d6e47c0da92	78669	spontaneous-speech-en-78669.mp3	2916	6361	What single thing would you like to make sure you do during your lifetime?	different_language		English
8d4aabc5e44eedcd0226c3238532ec49	77898	spontaneous-speech-en-77898.mp3	1800	9234	‌ what we will have to do it for our mother tongue to keep alive in the world.?	different_language		English
66e4ddcc4772db1f80faa074c6cb7600	78970	spontaneous-speech-en-78970.mp3	4680	7238	What do you look for in clothing?	different_language		English
748d9f2870af84d564c89ec572c685dd	76577	spontaneous-speech-en-76577.mp3	3456	6223	Are you happy with the way your life has turned out so far?	different_language		English
cfc22626bef0c27f0b5acdd6c7916f00	77727	spontaneous-speech-en-77727.mp3	2484	7356	What is something that you believe very hard?	different_language		English
84712dffb3ee3990803dd019abce735d	76080	spontaneous-speech-en-76080.mp3	9540	231	Describe a visit to a cinema in your country	different_language		English
2913bc83dc4f576f7ac78fe13e767c4e	78501	spontaneous-speech-en-78501.mp3	6048	140	What's your favourite holiday and why?	different_language		English
53bb357df1755c1b526583490ac60164	75725	spontaneous-speech-en-75725.mp3	5040	146	Does your family tell stories about their history?	different_language		English
a5090516bcfbce0683ada5e9f66ff02a	76740	spontaneous-speech-en-76740.mp3	2196	184	How do you feel about swimming? Why?	different_language		English
3a645782468d201226d2c14185a8c8c9	77211	spontaneous-speech-en-77211.mp3	5292	6334	What do you do if people don't like you?	different_language		English
852213e2462ec237fb91faa387b75190	77446	spontaneous-speech-en-77446.mp3	27936	6652	What safety precautions are unique to adventure activities?	different_language		English
748d9f2870af84d564c89ec572c685dd	76578	spontaneous-speech-en-76578.mp3	2160	234	What local artist or craftsperson do you admire?	different_language		English
76d5a99607ec39eb40049d6e47c0da92	78656	spontaneous-speech-en-78656.mp3	2556	170	What are the schools like in your area?	different_language		English
02d32c193f011d23485868e7acba2be5	76805	spontaneous-speech-en-76805.mp3	3600	6385	What is your best travelling experience?	different_language	Sounds like an African language	English
fadfd69228c317b1beaa359b0e0f2bbf	78215	spontaneous-speech-en-78215.mp3	5436	134	What do you think about climate change?	different_language	Sounds like an African language	English
a27026329b9fba4713c8d88c9ef855e9	75561	spontaneous-speech-en-75561.mp3	3456	6292	What do you plan to do this week?	different_language	African language?	English
720146cf21c2f64490b48178927ee814	74916	spontaneous-speech-en-74916.mp3	3348	8834	What sort of clothing suits you?	other	Unintelligible	English
ee774b4e459f62505334dc744ffc11fa	75321	spontaneous-speech-en-75321.mp3	13176	191	If you could spend a day learning a new hobby, what would it be and why?	different_language	It's in Japanese	English
b4c91fe7b5e7a6e6e050dadddb49edeb	77193	spontaneous-speech-en-77193.mp3	2268	172	Do schools in your country support multiple languages?	different_language	Japanese	English
8ea86b2e57e39cbcbfdafd8533f9f10f	73875	spontaneous-speech-en-73875.mp3	8928	204	What technology do you worry about?	different_language		English
4e7b5dc6fc16c1e06da39598adb12f57	75623	spontaneous-speech-en-75623.mp3	3600	6299	What do you do for work?	different_language		English
196a5cad7254e133fbb226989034e460	75573	spontaneous-speech-en-75573.mp3	2808	7356	What is something that you believe very hard?	different_language		English
fadfd69228c317b1beaa359b0e0f2bbf	78227	spontaneous-speech-en-78227.mp3	5076	7238	What do you look for in clothing?	different_language		English
18c935d2dc420ee8a3fad1aaf8940590	74834	spontaneous-speech-en-74834.mp3	5040	167	How did you learn the languages that you speak?	different_language		English
d509d3ba78e53774886b989115e748f6	77547	spontaneous-speech-en-77547.mp3	3060	6325	Would you rather be blind or deaf and why?	different_language		English
9d152467262ec07af57f4bc29c76085d	77389	spontaneous-speech-en-77389.mp3	2808	6682	How do you cook your favourite meal?	different_language		English
84712dffb3ee3990803dd019abce735d	76084	spontaneous-speech-en-76084.mp3	11628	7225	What’s the last thing you ate?	different_language		English
d42dc33434484cd99fd93c8612579c5a	75591	spontaneous-speech-en-75591.mp3	3276	6303	Where do you buy food and why?	different_language		English
aba0dd4d3213b4d14b972af43c0c84f5	77765	spontaneous-speech-en-77765.mp3	6516	6336	How should children treat their parents?	different_language		English
852213e2462ec237fb91faa387b75190	77299	spontaneous-speech-en-77299.mp3	63360	7234	Is technology in developing countries doing harm than good	different_language		English
dd11025ad41f020735ed5b261eeffc62	77396	spontaneous-speech-en-77396.mp3	3240	6371	What is something you consider to be a great personal success?	different_language		English
02d32c193f011d23485868e7acba2be5	76900	spontaneous-speech-en-76900.mp3	2088	6333	What is the weather today?	different_language		English
d0c90c765ae4575d52230d175d95d1ca	78539	spontaneous-speech-en-78539.mp3	2700	148	What do you do to mark your birthday?	different_language		English
8c13dce9a998f28abb11cc6f4eda7be5	76339	spontaneous-speech-en-76339.mp3	5256	8320	Do you prefer tea or coffee?	different_language		English
523b94bed5eb57a88074ad5240b1adf5	77257	spontaneous-speech-en-77257.mp3	3204	6329	What do you believe about god?	different_language		English
dd11025ad41f020735ed5b261eeffc62	77374	spontaneous-speech-en-77374.mp3	5760	176	Describe a historical event you learned about in school	different_language		English
d42dc33434484cd99fd93c8612579c5a	75580	spontaneous-speech-en-75580.mp3	4968	188	Which sports do you think are fun to watch?	different_language		English
0c0d79508cbb71bdda9e9d2524b9788e	77032	spontaneous-speech-en-77032.mp3	3996	7358	What is one bad quality about yourself?	different_language		English
02d32c193f011d23485868e7acba2be5	76875	spontaneous-speech-en-76875.mp3	3420	141	What is your biggest hope for the future?	different_language		English
bc801a216702678e2ec2ca0de81f063f	74141	spontaneous-speech-en-74141.mp3	4356	8321	What is your favorite type of weather?	different_language		English
00a1abf4c4bd78a254176b6f91d10972	77639	spontaneous-speech-en-77639.mp3	2808	6359	How would you communicate with an alien?	different_language		English
6022641805ef7daf42c4a0c780a3ed82	74945	spontaneous-speech-en-74945.mp3	2916	6377	What is your purpose in life?	different_language		English
00a1abf4c4bd78a254176b6f91d10972	77647	spontaneous-speech-en-77647.mp3	6300	6349	What would you like to get as a present?	different_language		English
5232f556a694977277ea9fd511c6c993	73699	spontaneous-speech-en-73699.mp3	9396	6684	If you could speak to one animal, which would you choose?	different_language		English
a5090516bcfbce0683ada5e9f66ff02a	76731	spontaneous-speech-en-76731.mp3	1836	6378	What is your favorite color?	different_language		English
a9b2c71b145ccfa6b935a4e89da2a1fe	76964	spontaneous-speech-en-76964.mp3	15408	6683	What do you think is the coolest musical instrument, and why?	different_language		English
ee72f3106431b33772eb7eb108bd6a16	76311	spontaneous-speech-en-76311.mp3	3780	6372	Who is your best friend?	different_language		English
d509d3ba78e53774886b989115e748f6	77550	spontaneous-speech-en-77550.mp3	4176	7214	If there’s one thing you could say to the leader of your country, what would it be?	different_language	Doesn't sound like English	English
523b94bed5eb57a88074ad5240b1adf5	77253	spontaneous-speech-en-77253.mp3	2196	6355	What or who always makes you laugh?	different_language		English
5c0eb0daa73a63891a463fa66f5c316b	75159	spontaneous-speech-en-75159.mp3	1368	6376	What do you value most?	other	silence	English
3d5b3299fbc0ec35ef6d137944f9112a	77471	spontaneous-speech-en-77471.mp3	5184	6663	What role does weather play in climbing?	different_language		English
89039fdad01ad3e32c1d3c9effba98b2	73881	spontaneous-speech-en-73881.mp3	7236	6873	"Do you know the game ""The Hundred Line -Last Defense Academy-"" ?"	different_language		English
2913bc83dc4f576f7ac78fe13e767c4e	78487	spontaneous-speech-en-78487.mp3	11268	198	Do people of different ages use technology differently?	different_language		English
9b82dc245e7511d34b0862e45e13f914	78602	spontaneous-speech-en-78602.mp3	396	6339	What games do you like to play?	other	silence	English
00a1abf4c4bd78a254176b6f91d10972	77597	spontaneous-speech-en-77597.mp3	1476	5196	Do you like running?	different_language		English
720146cf21c2f64490b48178927ee814	74917	spontaneous-speech-en-74917.mp3	3708	7240	also to divert a litigation, either civil or any disputes using these info.	other	No speech.	English
8c562d3b5077db1fafe584ad21c353d2	76462	spontaneous-speech-en-76462.mp3	1908	171	How can schools and parents help each other educate children?	other	Cannot comprehend	English
2913bc83dc4f576f7ac78fe13e767c4e	78494	spontaneous-speech-en-78494.mp3	8496	9234	‌ what we will have to do it for our mother tongue to keep alive in the world.?	different_language	Speaking japanese	English
b869dd668d2d71a3b036334d7cbe0541	77190	spontaneous-speech-en-77190.mp3	3384	7994	What is one of your favorite smells?	different_language		English
9f9b0aa93ff05ede039d66c2d3b3b4f1	79047	spontaneous-speech-en-79047.mp3	6876	9397	How are you feeling	different_language		English
d1242ec456e1f92673c00e968d7e40ae	28501	spontaneous-speech-en-28501.mp3	10728	163	What colours do you like?	different_language		English
98863c092a95b00c26400ec702392680	75228	spontaneous-speech-en-75228.mp3	2700	6313	What is your bedtime routine?	other	Blank audio	English
2913bc83dc4f576f7ac78fe13e767c4e	78507	spontaneous-speech-en-78507.mp3	7668	7975	If you could spend a day as another person, who would you choose?	different_language	Japanese	English
4e7b5dc6fc16c1e06da39598adb12f57	75616	spontaneous-speech-en-75616.mp3	5436	6381	What do you do if someone farts nearby?	different_language	Japanese	English
02d32c193f011d23485868e7acba2be5	76905	spontaneous-speech-en-76905.mp3	4176	6293	What was the last big trip you went on?	different_language	Japanese	English
187bd7c536e698f62c542fc49d2b4bfd	74239	spontaneous-speech-en-74239.mp3	2520	175	Is there a piece of homework you remember struggling with?	other	Mute audio	English
c33981e803ce932a7ba8acee40cdf1a6	75184	spontaneous-speech-en-75184.mp3	144	136	What advice would you give a friend who is nervous about something?	other	Mute audio	English
fadfd69228c317b1beaa359b0e0f2bbf	78220	spontaneous-speech-en-78220.mp3	4248	6359	How would you communicate with an alien?	different_language		English
ee774b4e459f62505334dc744ffc11fa	75304	spontaneous-speech-en-75304.mp3	5940	236	Does your community do any kind of traditional dance or music?	different_language	Japanese	English
00a1abf4c4bd78a254176b6f91d10972	77545	spontaneous-speech-en-77545.mp3	3168	6381	What do you do if someone farts nearby?	different_language	Japanese	English
20624fdcb758f9f53a41888ca1b06cc2	73840	spontaneous-speech-en-73840.mp3	3168	8321	What is your favorite type of weather?	different_language		English
2913bc83dc4f576f7ac78fe13e767c4e	78529	spontaneous-speech-en-78529.mp3	5580	170	What are the schools like in your area?	different_language	Japanese	English
02d32c193f011d23485868e7acba2be5	77075	spontaneous-speech-en-77075.mp3	2016	6307	What can you cook?	other	Mute audio	English
f680137f693c10468d926d561fdccd9a	74825	spontaneous-speech-en-74825.mp3	7020	8330	Proletariats of the world unite!	other	Mute	English
9bee29873139997442278775acae3634	77121	spontaneous-speech-en-77121.mp3	3528	6337	How should we care for the elderly?	different_language		English
9bee29873139997442278775acae3634	77121	spontaneous-speech-en-77121.mp3	3528	6337	How should we care for the elderly?	different_language		English
21bc397ebb9093de0196f20a0739d5a0	75684	spontaneous-speech-en-75684.mp3	1440	7226	What’s the weather like?	different_language		English
f1271b47399ec2b9b0394e7bdb4aa3a2	77097	spontaneous-speech-en-77097.mp3	3852	188	Which sports do you think are fun to watch?	different_language		English
76d5a99607ec39eb40049d6e47c0da92	78675	spontaneous-speech-en-78675.mp3	4824	222	What types of public services do you think are most important for a community?	different_language		English
bba664dfffabbfbb21066c1a8e73a3b1	77294	spontaneous-speech-en-77294.mp3	2808	123	What is the climate like where you live?	other	Mute	English
ab699a19ce04549c2dd792832244fa7d	77659	spontaneous-speech-en-77659.mp3	10368	7233	To improve our way of living and to obtain knowledge  about different things and also explore different cultures	different_language		English
58f47d8d9388bb101ce91e947db86e3d	74998	spontaneous-speech-en-74998.mp3	4248	129	Describe a visit to an ocean, lake or river.	different_language	Japanese	English
ce26a60c6cc4728830c115ccc98aaaa7	29081	spontaneous-speech-en-29081.mp3	8532	239	What are some traditional games or activities children play in your community?	different_language		English
8361028fcdc492c06e20197577636a46	73973	spontaneous-speech-en-73973.mp3	4104	6385	What is your best travelling experience?	different_language		English
00a1abf4c4bd78a254176b6f91d10972	77642	spontaneous-speech-en-77642.mp3	1980	6354	What annoys you?	different_language	Japanese	English
ee774b4e459f62505334dc744ffc11fa	75309	spontaneous-speech-en-75309.mp3	3996	6311	Why do you use common voice?	different_language	Japanese translating the prompts?	English
aba0dd4d3213b4d14b972af43c0c84f5	77920	spontaneous-speech-en-77920.mp3	18576	6679	Which holidays do you celebrate in the spring?	different_language		English
5420f0f979b5e1a40cf4f3fa6fd368c2	76169	spontaneous-speech-en-76169.mp3	2520	6367	What is your greatest strength?	different_language		English
445ef55295ba14f25de1f279842ed600	73933	spontaneous-speech-en-73933.mp3	5364	6315	Where do you buy clothes?	different_language		English
8e62c96c89e2707b49d9a408dd76308e	78326	spontaneous-speech-en-78326.mp3	325116	6874	How many cats do you want?	different_language		English
9a835d40759b562b2de6fd314d7af429	74687	spontaneous-speech-en-74687.mp3	11340	6869	What brings you nostalgia?	different_language		English
b869dd668d2d71a3b036334d7cbe0541	77189	spontaneous-speech-en-77189.mp3	4320	6313	What is your bedtime routine?	different_language		English
bc801a216702678e2ec2ca0de81f063f	74166	spontaneous-speech-en-74166.mp3	3888	6372	Who is your best friend?	different_language		English
9dceeecec72bc3bdbdebe94204784361	75605	spontaneous-speech-en-75605.mp3	3348	161	What clothes do you like to wear?	different_language		English
3bca534f775a5a7d006e05dfcf386b54	76643	spontaneous-speech-en-76643.mp3	2556	8834	What sort of clothing suits you?	different_language		English
c33981e803ce932a7ba8acee40cdf1a6	75186	spontaneous-speech-en-75186.mp3	4104	6357	What is a strange interview question?	different_language		English
d2dc9935bc98dbdfe5cad3fc2954a237	78323	spontaneous-speech-en-78323.mp3	6948	210	What kinds of places does your mobile have bad reception or service	different_language		English
76d5a99607ec39eb40049d6e47c0da92	78653	spontaneous-speech-en-78653.mp3	2988	7214	If there’s one thing you could say to the leader of your country, what would it be?	different_language		English
d42dc33434484cd99fd93c8612579c5a	75585	spontaneous-speech-en-75585.mp3	7416	9234	‌ what we will have to do it for our mother tongue to keep alive in the world.?	different_language		English
4e7b5dc6fc16c1e06da39598adb12f57	75637	spontaneous-speech-en-75637.mp3	2448	8320	Do you prefer tea or coffee?	different_language		English
730a209dd43f9eacb5dfd631501ed202	75451	spontaneous-speech-en-75451.mp3	3528	7236	What is your favorite tongue twister?	different_language		English
5232f556a694977277ea9fd511c6c993	73730	spontaneous-speech-en-73730.mp3	18216	6682	How do you cook your favourite meal?	different_language		English
9bee29873139997442278775acae3634	77127	spontaneous-speech-en-77127.mp3	4104	122	What types of plants do you see most often?	different_language		English
fadfd69228c317b1beaa359b0e0f2bbf	78231	spontaneous-speech-en-78231.mp3	4068	224	How have payments changed in your country over the last five years	different_language		English
d509d3ba78e53774886b989115e748f6	77542	spontaneous-speech-en-77542.mp3	2160	6360	What do you think of the night sky?	different_language		English
1b54eb67011a365112f5f982daab2383	77986	spontaneous-speech-en-77986.mp3	1728	7995	What's the worst movie you've ever seen and why?	different_language		English
3f52e83d753bfdb58dfa1bf8da1ff2fd	77815	spontaneous-speech-en-77815.mp3	3240	6330	What do you believe about aliens?	different_language		English
3a645782468d201226d2c14185a8c8c9	77214	spontaneous-speech-en-77214.mp3	15516	140	What's your favourite holiday and why?	different_language		English
0c0d79508cbb71bdda9e9d2524b9788e	77019	spontaneous-speech-en-77019.mp3	2988	6346	Do you wear jewelry?	different_language		English
4d2a8041919b730a5a15dbc7d01e257f	75465	spontaneous-speech-en-75465.mp3	5220	6876	Dp you like Japan? Why?	different_language		English
ee774b4e459f62505334dc744ffc11fa	75366	spontaneous-speech-en-75366.mp3	3708	141	What is your biggest hope for the future?	different_language		English
5ba9f38da65ae32f07f460016fd2f8c7	74413	spontaneous-speech-en-74413.mp3	6264	218	How effective are the social support systems provided by your government?	different_language		English
f4f55b4625411b4ace9ed2f730cd9b1e	73790	spontaneous-speech-en-73790.mp3	4680	6303	Where do you buy food and why?	different_language		English
184e6ea9f3948631b15fc9e87ae9277c	75701	spontaneous-speech-en-75701.mp3	8676	150	Is there a place that is sacred or special to your or your family?	different_language		English
ee774b4e459f62505334dc744ffc11fa	75375	spontaneous-speech-en-75375.mp3	5616	125	What kinds of pets are common in your community?	different_language		English
1b54eb67011a365112f5f982daab2383	78012	spontaneous-speech-en-78012.mp3	1548	6652	What safety precautions are unique to adventure activities?	different_language		English
5420f0f979b5e1a40cf4f3fa6fd368c2	76157	spontaneous-speech-en-76157.mp3	8496	8324	In your family or culture, are there mechanisms for future-telling, such as tarot cards, tea leaves or astrological signs? How do they operate?	different_language		English
53bb357df1755c1b526583490ac60164	75738	spontaneous-speech-en-75738.mp3	3024	173	How can we make sure students in schools are kind to each other?	different_language		English
76d5a99607ec39eb40049d6e47c0da92	78651	spontaneous-speech-en-78651.mp3	3348	211	Does your family have a strict budget?	different_language		English
fd40454137364299016bae0d05bfe6ab	77595	spontaneous-speech-en-77595.mp3	2988	144	What wishes do you have for your children?	different_language		English
ee774b4e459f62505334dc744ffc11fa	75336	spontaneous-speech-en-75336.mp3	4248	6382	What is your favorite joke?	different_language		English
5420f0f979b5e1a40cf4f3fa6fd368c2	76146	spontaneous-speech-en-76146.mp3	2700	6334	What do you do if people don't like you?	different_language		English
d42dc33434484cd99fd93c8612579c5a	75578	spontaneous-speech-en-75578.mp3	7308	224	How have payments changed in your country over the last five years	different_language		English
02d32c193f011d23485868e7acba2be5	76845	spontaneous-speech-en-76845.mp3	3168	128	Do you know any names for the stars and constellations?	different_language		English
76d5a99607ec39eb40049d6e47c0da92	78670	spontaneous-speech-en-78670.mp3	2952	6384	What makes someone a good teacher?	different_language		English
3d5b3299fbc0ec35ef6d137944f9112a	77412	spontaneous-speech-en-77412.mp3	11268	147	Describe a moment when you felt great joy. What made this experience so special?	different_language		English
66133e46822bcd293afd84d93dfce815	75192	spontaneous-speech-en-75192.mp3	1800	6326	How do you get to the doctor?	different_language		English
3bca534f775a5a7d006e05dfcf386b54	76640	spontaneous-speech-en-76640.mp3	4464	8838	When you have a cold, what is your go-to remedy for feeling better?	different_language		English
5f49b5068910e71c1669f621c1384fa6	79714	spontaneous-speech-en-79714.mp3	8388	6329	What do you believe about god?	different_language		English
8d4aabc5e44eedcd0226c3238532ec49	78028	spontaneous-speech-en-78028.mp3	2988	6389	What do you like about travelling?	different_language		English
c49634aba5646c6e721927f01f3bb8e7	77081	spontaneous-speech-en-77081.mp3	5760	6874	How many cats do you want?	different_language		English
25b6abbc19fbdbd74ce904b3bfc1b9a3	76785	spontaneous-speech-en-76785.mp3	3096	6322	Did you have a favorite toy?	different_language		English
fadfd69228c317b1beaa359b0e0f2bbf	78208	spontaneous-speech-en-78208.mp3	4248	213	Is it easy to start a business in your country?	different_language		English
d4459260e05f8d5fa8719d9a8bdb34af	78458	spontaneous-speech-en-78458.mp3	3312	6300	What do you remember from your childhood?	different_language		English
3bca534f775a5a7d006e05dfcf386b54	76631	spontaneous-speech-en-76631.mp3	4140	219	How can small loans help women start businesses?	different_language		English
27774e6a39e6ca180dac27432102f68e	79498	spontaneous-speech-en-79498.mp3	5832	7223	How much water did you drink today?	different_language		English
02d32c193f011d23485868e7acba2be5	76876	spontaneous-speech-en-76876.mp3	4500	6668	How would you describe climbing experiences in simple words?	different_language		English
84712dffb3ee3990803dd019abce735d	76083	spontaneous-speech-en-76083.mp3	12888	6295	What was the last book you read about?	different_language		English
e4e8281d2890cc84ec6b8c4ab2556e55	76706	spontaneous-speech-en-76706.mp3	10080	8329	Why is the sky on Earth blue?	different_language		English
d81bff67449e72572ff594f035ff32dd	78713	spontaneous-speech-en-78713.mp3	22428	8323	Which of the four elements - air, earth, fire and water - do you most closely resonate with? Why?	different_language		English
4e7b5dc6fc16c1e06da39598adb12f57	75615	spontaneous-speech-en-75615.mp3	2520	6358	How do you handle someone staring at you?	different_language		English
5f49b5068910e71c1669f621c1384fa6	79758	spontaneous-speech-en-79758.mp3	2700	6373	How much money is enough?	different_language		English
4762cef73d489ab60d1114448e1b9153	77503	spontaneous-speech-en-77503.mp3	2880	6355	What or who always makes you laugh?	different_language		English
5232f556a694977277ea9fd511c6c993	73702	spontaneous-speech-en-73702.mp3	11556	204	What technology do you worry about?	different_language		English
5d6610e1785f6f7b81a4fe31fee853b6	78437	spontaneous-speech-en-78437.mp3	4716	174	What do you think of school tests for young children?	different_language		English
1b54eb67011a365112f5f982daab2383	77919	spontaneous-speech-en-77919.mp3	1980	6679	Which holidays do you celebrate in the spring?	different_language		English
02d32c193f011d23485868e7acba2be5	76911	spontaneous-speech-en-76911.mp3	3528	172	Do schools in your country support multiple languages?	different_language		English
f97bbf62128acbca0578b0e0b4efddaa	77041	spontaneous-speech-en-77041.mp3	4140	8319	What is your favorite color and why?	different_language		English
02d32c193f011d23485868e7acba2be5	76807	spontaneous-speech-en-76807.mp3	3276	7356	What is something that you believe very hard?	different_language		English
3f52e83d753bfdb58dfa1bf8da1ff2fd	77843	spontaneous-speech-en-77843.mp3	4140	172	Do schools in your country support multiple languages?	different_language		English
0c0d79508cbb71bdda9e9d2524b9788e	77025	spontaneous-speech-en-77025.mp3	5940	7995	What's the worst movie you've ever seen and why?	different_language		English
d42dc33434484cd99fd93c8612579c5a	75581	spontaneous-speech-en-75581.mp3	5040	6650	What adventure sports are popular on beaches and rivers?	different_language		English
4e7b5dc6fc16c1e06da39598adb12f57	75618	spontaneous-speech-en-75618.mp3	3096	6356	Do you have any pets?	different_language		English
3f52e83d753bfdb58dfa1bf8da1ff2fd	77827	spontaneous-speech-en-77827.mp3	4896	228	What genre of music is your favourite?	different_language		English
5232f556a694977277ea9fd511c6c993	73696	spontaneous-speech-en-73696.mp3	13680	8187	Which language’s recordings do you enjoy reviewing the most, and why?	different_language		English
d4459260e05f8d5fa8719d9a8bdb34af	78455	spontaneous-speech-en-78455.mp3	2088	128	Do you know any names for the stars and constellations?	different_language		English
b869dd668d2d71a3b036334d7cbe0541	77170	spontaneous-speech-en-77170.mp3	6228	228	What genre of music is your favourite?	different_language		English
8d4aabc5e44eedcd0226c3238532ec49	78120	spontaneous-speech-en-78120.mp3	2196	7237	Why are you contributing to Common Voice?	different_language		English
2604b22f14dad401d25d42c60d4870b2	78350	spontaneous-speech-en-78350.mp3	124380	6342	What kind of government do you have?	different_language		English
dd3349dde79231489d6a517760406418	72348	spontaneous-speech-en-72348.mp3	5220	182	If you could learn any skill, what would you want to learn?	different_language		English
3a3a0a6ce871ca4d7f1c2d5f1f39de98	78774	spontaneous-speech-en-78774.mp3	10188	6373	How much money is enough?	different_language		English
00a1abf4c4bd78a254176b6f91d10972	77581	spontaneous-speech-en-77581.mp3	2556	6369	How do you handle pressure?	different_language		English
8b621a190e5c6fc6c858e6832f43d572	76228	spontaneous-speech-en-76228.mp3	2196	5199	What's the most common type of tree where you are from?	different_language		English
1b54eb67011a365112f5f982daab2383	77924	spontaneous-speech-en-77924.mp3	4248	8326	How do you manage your calendar or to-do list? What has worked well for you?	different_language		English
bc801a216702678e2ec2ca0de81f063f	74162	spontaneous-speech-en-74162.mp3	3960	6317	How far do you live from your parents?	different_language		English
4e7b5dc6fc16c1e06da39598adb12f57	75609	spontaneous-speech-en-75609.mp3	12636	6366	What do you think would probably surprise most people about you?	different_language		English
9f9b0aa93ff05ede039d66c2d3b3b4f1	79044	spontaneous-speech-en-79044.mp3	11916	148	What do you do to mark your birthday?	different_language		English
00a1abf4c4bd78a254176b6f91d10972	77623	spontaneous-speech-en-77623.mp3	3420	182	If you could learn any skill, what would you want to learn?	different_language		English
58f47d8d9388bb101ce91e947db86e3d	74989	spontaneous-speech-en-74989.mp3	3564	7218	What is the most beautiful language?	different_language		English
5f49b5068910e71c1669f621c1384fa6	79710	spontaneous-speech-en-79710.mp3	5256	179	What kinds of migration do you have in your country?	different_language		English
bc801a216702678e2ec2ca0de81f063f	74145	spontaneous-speech-en-74145.mp3	3780	6300	What do you remember from your childhood?	different_language		English
8d4aabc5e44eedcd0226c3238532ec49	77869	spontaneous-speech-en-77869.mp3	1800	6373	How much money is enough?	different_language		English
9bee29873139997442278775acae3634	77124	spontaneous-speech-en-77124.mp3	2916	6344	What is the longest you've stayed in your house?	different_language		English
f4335e42158bf069a1d9e0ca4daf1ac6	73853	spontaneous-speech-en-73853.mp3	8856	169	How do people vote in your country?	different_language		English
ad50474e224ccf111785341d32cbd1e3	79639	spontaneous-speech-en-79639.mp3	11088	6316	What kind of shoes do you like?	different_language		English
dd11025ad41f020735ed5b261eeffc62	77385	spontaneous-speech-en-77385.mp3	6588	138	When you were a child what did you want to be when you grow up?	different_language		English
2913bc83dc4f576f7ac78fe13e767c4e	78518	spontaneous-speech-en-78518.mp3	3780	7996	What makes you cry?	different_language		English
1b54eb67011a365112f5f982daab2383	77989	spontaneous-speech-en-77989.mp3	2268	186	Do you prefer to be indoors or outdoors? Why?	different_language		English
c00edf8346ee9a1dd91624f66c1cd6cb	73935	spontaneous-speech-en-73935.mp3	5220	6349	What would you like to get as a present?	different_language		English
fadfd69228c317b1beaa359b0e0f2bbf	78261	spontaneous-speech-en-78261.mp3	6408	7926	Should animals suffer because we like to eat meat?	different_language		English
ad26548f430f76a69cda14105d1789e8	77981	spontaneous-speech-en-77981.mp3	3204	7353	Who do you love the most?	different_language		English
f97bbf62128acbca0578b0e0b4efddaa	77036	spontaneous-speech-en-77036.mp3	4356	225	Describe how people pay for things in your society, for example with trade, cash, card or mobile phone?	different_language		English
f80e04bc95527e8d1dee5868e9597c08	78167	spontaneous-speech-en-78167.mp3	2520	189	Do you play any musical instruments?	different_language		English
dd3349dde79231489d6a517760406418	72326	spontaneous-speech-en-72326.mp3	3600	6353	What gives you joy?	different_language		English
ee774b4e459f62505334dc744ffc11fa	75307	spontaneous-speech-en-75307.mp3	3816	121	What do you want to do with your next day off?	different_language		English
5f49b5068910e71c1669f621c1384fa6	79728	spontaneous-speech-en-79728.mp3	9288	8834	What sort of clothing suits you?	different_language		English
1b54eb67011a365112f5f982daab2383	77887	spontaneous-speech-en-77887.mp3	5148	180	What kinds of documents do you need to move around within your country, or to neighbouring countries?	different_language		English
fadfd69228c317b1beaa359b0e0f2bbf	78266	spontaneous-speech-en-78266.mp3	7236	138	When you were a child what did you want to be when you grow up?	different_language		English
bfa80debc79282eeb647bb40b17bdae4	78089	spontaneous-speech-en-78089.mp3	3276	6291	What are your plans for today?	different_language		English
d2e7eea3b97145acf21f3c0dfe606d44	76932	spontaneous-speech-en-76932.mp3	3276	7238	What do you look for in clothing?	different_language		English
84712dffb3ee3990803dd019abce735d	76079	spontaneous-speech-en-76079.mp3	9936	200	What concerns do you have about mobile phones?	different_language		English
aba0dd4d3213b4d14b972af43c0c84f5	77852	spontaneous-speech-en-77852.mp3	15336	132	What seasons or weather variations do you have in your country?	different_language		English
ee774b4e459f62505334dc744ffc11fa	75373	spontaneous-speech-en-75373.mp3	3240	6383	Is it important to be unique?	different_language		English
3a645782468d201226d2c14185a8c8c9	77185	spontaneous-speech-en-77185.mp3	4860	155	What traditional medicines exist in your culture?	different_language		English
d4459260e05f8d5fa8719d9a8bdb34af	78456	spontaneous-speech-en-78456.mp3	2520	6352	What makes people happy?	different_language		English
958f86f35a00b47c9a89bc2c9223b49d	75674	spontaneous-speech-en-75674.mp3	7416	236	Does your community do any kind of traditional dance or music?	different_language		English
02d32c193f011d23485868e7acba2be5	76904	spontaneous-speech-en-76904.mp3	4248	5349	Describe your favorite comfort food.	different_language		English
6022641805ef7daf42c4a0c780a3ed82	74950	spontaneous-speech-en-74950.mp3	6156	6343	What is the farthest you've been from home?	different_language		English
ee774b4e459f62505334dc744ffc11fa	75363	spontaneous-speech-en-75363.mp3	12996	8324	In your family or culture, are there mechanisms for future-telling, such as tarot cards, tea leaves or astrological signs? How do they operate?	different_language		English
ee774b4e459f62505334dc744ffc11fa	75350	spontaneous-speech-en-75350.mp3	6660	6681	What holidays do you and your family celebrate in the fall?	different_language		English
f14aa6bf2f0e9d7f16bf4d17a28f9f28	78059	spontaneous-speech-en-78059.mp3	3276	6363	How are you growing personally?	different_language		English
bc801a216702678e2ec2ca0de81f063f	74136	spontaneous-speech-en-74136.mp3	12816	8323	Which of the four elements - air, earth, fire and water - do you most closely resonate with? Why?	different_language		English
00a1abf4c4bd78a254176b6f91d10972	77552	spontaneous-speech-en-77552.mp3	2700	6329	What do you believe about god?	different_language		English
3a3a0a6ce871ca4d7f1c2d5f1f39de98	78776	spontaneous-speech-en-78776.mp3	18936	6355	What or who always makes you laugh?	different_language		English
9d152467262ec07af57f4bc29c76085d	77409	spontaneous-speech-en-77409.mp3	2016	132	What seasons or weather variations do you have in your country?	different_language		English
84712dffb3ee3990803dd019abce735d	76101	spontaneous-speech-en-76101.mp3	9360	6685	What are your thoughts on indoor smoking?	different_language		English
8c13dce9a998f28abb11cc6f4eda7be5	76346	spontaneous-speech-en-76346.mp3	6228	6676	How would you explain water safety in simple words?	different_language		English
00a1abf4c4bd78a254176b6f91d10972	77667	spontaneous-speech-en-77667.mp3	3816	6673	Can you describe your favorite water sport experience?	different_language		English
ee774b4e459f62505334dc744ffc11fa	75377	spontaneous-speech-en-75377.mp3	6840	171	How can schools and parents help each other educate children?	different_language		English
aba0dd4d3213b4d14b972af43c0c84f5	77825	spontaneous-speech-en-77825.mp3	1980	7220	Have you ever taken part in a demonstration?	different_language		English
f14aa6bf2f0e9d7f16bf4d17a28f9f28	78067	spontaneous-speech-en-78067.mp3	2880	6876	Dp you like Japan? Why?	different_language		English
3f52e83d753bfdb58dfa1bf8da1ff2fd	77820	spontaneous-speech-en-77820.mp3	2160	6304	What do you like to do outside?	different_language		English
bc801a216702678e2ec2ca0de81f063f	74147	spontaneous-speech-en-74147.mp3	5148	6377	What is your purpose in life?	different_language		English
8ea86b2e57e39cbcbfdafd8533f9f10f	73870	spontaneous-speech-en-73870.mp3	10080	6652	What safety precautions are unique to adventure activities?	different_language		English
f14aa6bf2f0e9d7f16bf4d17a28f9f28	78063	spontaneous-speech-en-78063.mp3	3420	7232	How do you keep warm in winter?	different_language		English
748d9f2870af84d564c89ec572c685dd	76575	spontaneous-speech-en-76575.mp3	4068	138	When you were a child what did you want to be when you grow up?	different_language		English
f4335e42158bf069a1d9e0ca4daf1ac6	73848	spontaneous-speech-en-73848.mp3	3096	6316	What kind of shoes do you like?	different_language		English
ee774b4e459f62505334dc744ffc11fa	75333	spontaneous-speech-en-75333.mp3	3708	6299	What do you do for work?	different_language		English
4d2a8041919b730a5a15dbc7d01e257f	75459	spontaneous-speech-en-75459.mp3	3528	6351	What's the best present anyone ever gave you?	different_language		English
02d32c193f011d23485868e7acba2be5	76895	spontaneous-speech-en-76895.mp3	4176	7966	Was there a sermon or lesson you really remember well?	different_language		English
d0c90c765ae4575d52230d175d95d1ca	78523	spontaneous-speech-en-78523.mp3	4356	209	How do you top up, add credit or pay for your mobile phone	different_language		English
ee774b4e459f62505334dc744ffc11fa	75349	spontaneous-speech-en-75349.mp3	7380	6873	"Do you know the game ""The Hundred Line -Last Defense Academy-"" ?"	different_language		English
3bca534f775a5a7d006e05dfcf386b54	76634	spontaneous-speech-en-76634.mp3	3204	144	What wishes do you have for your children?	different_language		English
00a1abf4c4bd78a254176b6f91d10972	77620	spontaneous-speech-en-77620.mp3	5328	6876	Dp you like Japan? Why?	different_language		English
c00edf8346ee9a1dd91624f66c1cd6cb	73942	spontaneous-speech-en-73942.mp3	5148	6294	What is your favorite hobby and why?	different_language		English
3d5b3299fbc0ec35ef6d137944f9112a	77468	spontaneous-speech-en-77468.mp3	5940	6293	What was the last big trip you went on?	different_language		English
8b621a190e5c6fc6c858e6832f43d572	76231	spontaneous-speech-en-76231.mp3	3420	7219	How many left-handed people do you know?	different_language		English
02d32c193f011d23485868e7acba2be5	76804	spontaneous-speech-en-76804.mp3	5076	156	Who takes care of women expecting babies in your community?	different_language		English
00a1abf4c4bd78a254176b6f91d10972	77588	spontaneous-speech-en-77588.mp3	2268	6678	What holidays do you celebrate in winter?	different_language		English
9d152467262ec07af57f4bc29c76085d	77414	spontaneous-speech-en-77414.mp3	6156	7231	What's your favourite cake, slice, or dessert? Why?	different_language		English
5f49b5068910e71c1669f621c1384fa6	79804	spontaneous-speech-en-79804.mp3	4320	7358	What is one bad quality about yourself?	different_language		English
1b54eb67011a365112f5f982daab2383	77929	spontaneous-speech-en-77929.mp3	2160	6685	What are your thoughts on indoor smoking?	different_language		English
aba0dd4d3213b4d14b972af43c0c84f5	77877	spontaneous-speech-en-77877.mp3	4176	160	Who do you ask if you have a question about an ailment?	different_language		English
1011a680cf3879b0971807fcc20f234a	77495	spontaneous-speech-en-77495.mp3	3600	6327	What is most important to teach children?	different_language		English
5f49b5068910e71c1669f621c1384fa6	79705	spontaneous-speech-en-79705.mp3	2268	6380	Do you like children?	different_language		English
523b94bed5eb57a88074ad5240b1adf5	77263	spontaneous-speech-en-77263.mp3	5148	6345	Were you affected by the pandemic?	different_language		English
fadfd69228c317b1beaa359b0e0f2bbf	78259	spontaneous-speech-en-78259.mp3	3456	185	How do you feel about long walks? Why?	different_language		English
1b54eb67011a365112f5f982daab2383	78034	spontaneous-speech-en-78034.mp3	1836	8330	Proletariats of the world unite!	different_language		English
052e3132c6e939922d7fb772b246415d	72460	spontaneous-speech-en-72460.mp3	8460	6684	If you could speak to one animal, which would you choose?	different_language		English
85d72817aa2937f5fc96ddf5a9f437ae	79891	spontaneous-speech-en-79891.mp3	5616	9408	Why do you contribute to Mozilla's Common Voice ?	different_language		English
523b94bed5eb57a88074ad5240b1adf5	77282	spontaneous-speech-en-77282.mp3	1872	5197	What color is the sky right now?	different_language		English
5c67b46f1cf112308fb03f8b1cde7f2e	76314	spontaneous-speech-en-76314.mp3	3348	6318	Do you save money or spend it?	different_language		English
c00edf8346ee9a1dd91624f66c1cd6cb	73938	spontaneous-speech-en-73938.mp3	4932	193	How do you feel about participating in team sports versus individual sports?	different_language		English
ee774b4e459f62505334dc744ffc11fa	75356	spontaneous-speech-en-75356.mp3	11160	165	Describe some foods that are unhealthy or should only be had sometimes 	different_language		English
184e6ea9f3948631b15fc9e87ae9277c	75704	spontaneous-speech-en-75704.mp3	8856	8323	Which of the four elements - air, earth, fire and water - do you most closely resonate with? Why?	different_language		English
5232f556a694977277ea9fd511c6c993	73687	spontaneous-speech-en-73687.mp3	18648	6297	Are there any foods you hate to eat?	different_language		English
3bca534f775a5a7d006e05dfcf386b54	76641	spontaneous-speech-en-76641.mp3	2448	5193	What's your morning routine like?	different_language		English
523b94bed5eb57a88074ad5240b1adf5	77274	spontaneous-speech-en-77274.mp3	2016	207	What are your thoughts on the benefits and risks of using technology?	different_language		English
5f49b5068910e71c1669f621c1384fa6	79792	spontaneous-speech-en-79792.mp3	2880	6322	Did you have a favorite toy?	different_language		English
4c5826d54d465d51a918645c2c9b9450	77347	spontaneous-speech-en-77347.mp3	2808	151	Describe how to cook or prepare your favourite meal.	different_language		English
2604b22f14dad401d25d42c60d4870b2	78349	spontaneous-speech-en-78349.mp3	150156	7226	What’s the weather like?	different_language		English
00a1abf4c4bd78a254176b6f91d10972	77558	spontaneous-speech-en-77558.mp3	3708	6874	How many cats do you want?	different_language		English
4762cef73d489ab60d1114448e1b9153	77511	spontaneous-speech-en-77511.mp3	3528	7997	What was the best compliment you've ever received?	different_language		English
02d32c193f011d23485868e7acba2be5	76880	spontaneous-speech-en-76880.mp3	2736	5195	How often do you see trees?	different_language		English
184e6ea9f3948631b15fc9e87ae9277c	75693	spontaneous-speech-en-75693.mp3	8280	6353	What gives you joy?	different_language		English
02d32c193f011d23485868e7acba2be5	76851	spontaneous-speech-en-76851.mp3	4860	182	If you could learn any skill, what would you want to learn?	different_language		English
02d32c193f011d23485868e7acba2be5	76883	spontaneous-speech-en-76883.mp3	2520	8321	What is your favorite type of weather?	different_language		English
51845105f8c70db59acd7508d250fb87	72684	spontaneous-speech-en-72684.mp3	11052	128	Do you know any names for the stars and constellations?	different_language		English
8d4aabc5e44eedcd0226c3238532ec49	78096	spontaneous-speech-en-78096.mp3	2520	6682	How do you cook your favourite meal?	different_language		English
d509d3ba78e53774886b989115e748f6	77536	spontaneous-speech-en-77536.mp3	2520	162	Where is your ideal vacation or trip?	different_language		English
8d4aabc5e44eedcd0226c3238532ec49	78122	spontaneous-speech-en-78122.mp3	3168	7358	What is one bad quality about yourself?	different_language		English
8c13dce9a998f28abb11cc6f4eda7be5	76340	spontaneous-speech-en-76340.mp3	8928	6298	What is your family like?	different_language		English
d64dc68d350335ce1aa9484b01e54f35	77077	spontaneous-speech-en-77077.mp3	2376	6304	What do you like to do outside?	different_language		English
00a1abf4c4bd78a254176b6f91d10972	77565	spontaneous-speech-en-77565.mp3	4608	9270	How was/is your relationship with your kids? Or; How was/is your relationship with your parents?	different_language		English
02d32c193f011d23485868e7acba2be5	76908	spontaneous-speech-en-76908.mp3	2988	6674	What equipment is essential for your water sport?	different_language		English
dc21763baa0cd20c370e10d4e8ee1613	77112	spontaneous-speech-en-77112.mp3	2448	5198	Do you exercise often?	different_language		English
184e6ea9f3948631b15fc9e87ae9277c	75698	spontaneous-speech-en-75698.mp3	9720	6222	What is your earliest memory?	different_language		English
8c562d3b5077db1fafe584ad21c353d2	76465	spontaneous-speech-en-76465.mp3	1728	6349	What would you like to get as a present?	different_language		English
8b621a190e5c6fc6c858e6832f43d572	76229	spontaneous-speech-en-76229.mp3	1656	222	What types of public services do you think are most important for a community?	different_language		English
ee774b4e459f62505334dc744ffc11fa	75323	spontaneous-speech-en-75323.mp3	3780	6686	What's the weather like today?	different_language		English
8c13dce9a998f28abb11cc6f4eda7be5	76347	spontaneous-speech-en-76347.mp3	3528	6682	How do you cook your favourite meal?	different_language		English
02d32c193f011d23485868e7acba2be5	76877	spontaneous-speech-en-76877.mp3	2628	6869	What brings you nostalgia?	different_language		English
013622484604acfe323bd04f4e90bf9f	73684	spontaneous-speech-en-73684.mp3	4140	6666	How do you choose climbing locations?	different_language		English
dd3349dde79231489d6a517760406418	72337	spontaneous-speech-en-72337.mp3	7236	6355	What or who always makes you laugh?	different_language		English
78b12e922d1606b0458f0bc27f07883e	78412	spontaneous-speech-en-78412.mp3	6264	140	What's your favourite holiday and why?	different_language		English
5f49b5068910e71c1669f621c1384fa6	79762	spontaneous-speech-en-79762.mp3	7020	139	What job would you most like to have and why?	different_language		English
8ea86b2e57e39cbcbfdafd8533f9f10f	73873	spontaneous-speech-en-73873.mp3	5328	6682	How do you cook your favourite meal?	different_language		English
e4e8281d2890cc84ec6b8c4ab2556e55	76712	spontaneous-speech-en-76712.mp3	15120	6676	How would you explain water safety in simple words?	different_language		English
d2e7eea3b97145acf21f3c0dfe606d44	76933	spontaneous-speech-en-76933.mp3	3168	7223	How much water did you drink today?	different_language		English
84712dffb3ee3990803dd019abce735d	76093	spontaneous-speech-en-76093.mp3	19836	6303	Where do you buy food and why?	different_language		English
3d5b3299fbc0ec35ef6d137944f9112a	77422	spontaneous-speech-en-77422.mp3	4500	6352	What makes people happy?	different_language		English
f97bbf62128acbca0578b0e0b4efddaa	77045	spontaneous-speech-en-77045.mp3	2916	7218	What is the most beautiful language?	different_language		English
90a9f9adbe558ec641e515aac6d464fc	77319	spontaneous-speech-en-77319.mp3	2556	6333	What is the weather today?	different_language		English
53bb357df1755c1b526583490ac60164	75737	spontaneous-speech-en-75737.mp3	1836	8329	Why is the sky on Earth blue?	different_language		English
bc801a216702678e2ec2ca0de81f063f	74155	spontaneous-speech-en-74155.mp3	5040	135	Has the weather changed in your country over the last 10 years?	different_language		English
72d40f1272fcf3f1faa2e53f13fce74d	78263	spontaneous-speech-en-78263.mp3	4788	7215	What language would you want to learn, if you had the time?	different_language		English
1fca285e3a34fc7a369f2f7b5f692875	73160	spontaneous-speech-en-73160.mp3	2988	6385	What is your best travelling experience?	different_language		English
d8d96f54f06a75834a62c2c0499da012	76946	spontaneous-speech-en-76946.mp3	3204	6327	What is most important to teach children?	other	troll	English
6f4dbe36df7d309bf43df9b2333833ab	77724	spontaneous-speech-en-77724.mp3	6120	6384	What makes someone a good teacher?	different_language		English
976f63e8ec08a25d2c2bd0b2df918f4d	74057	spontaneous-speech-en-74057.mp3	4788	7214	If there’s one thing you could say to the leader of your country, what would it be?	different_language		English
d2dc9935bc98dbdfe5cad3fc2954a237	78321	spontaneous-speech-en-78321.mp3	3960	6305	What is your favorite video game?	different_language		English
3eceba229c1562f52e42971b58f8e77b	77899	spontaneous-speech-en-77899.mp3	1872	6650	What adventure sports are popular on beaches and rivers?	offensive_speech	he is making some just stupid sound 	English
5f49b5068910e71c1669f621c1384fa6	79688	spontaneous-speech-en-79688.mp3	4428	135	Has the weather changed in your country over the last 10 years?	different_language		English
c20c78e53dd0431e5d9aefc6276643de	77523	spontaneous-speech-en-77523.mp3	6588	6294	What is your favorite hobby and why?	different_language		English
5f49b5068910e71c1669f621c1384fa6	79785	spontaneous-speech-en-79785.mp3	20448	6361	What single thing would you like to make sure you do during your lifetime?	different_language		English
d26106a560d1d8f54fe484d3bf8efb4c	76676	spontaneous-speech-en-76676.mp3	1008	194	Describe a creative, beautiful or decorative object that you own	other	empty clip	English
fadfd69228c317b1beaa359b0e0f2bbf	78236	spontaneous-speech-en-78236.mp3	3168	6317	How far do you live from your parents?	different_language		English
00a1abf4c4bd78a254176b6f91d10972	77530	spontaneous-speech-en-77530.mp3	6660	7924	Who is your least favourite American president?	different_language	This audio is in Japanese, not English	English
fadfd69228c317b1beaa359b0e0f2bbf	78241	spontaneous-speech-en-78241.mp3	3096	8421	What fills you with hope?	different_language		English
8b621a190e5c6fc6c858e6832f43d572	76236	spontaneous-speech-en-76236.mp3	2340	172	Do schools in your country support multiple languages?	different_language		English
b741b022a164c0e2269b62c0218a709d	76198	spontaneous-speech-en-76198.mp3	324	155	What traditional medicines exist in your culture?	other	no audio	English
5232f556a694977277ea9fd511c6c993	73725	spontaneous-speech-en-73725.mp3	6948	6319	How do you show love to a friend?	different_language		English
eff690c42d880d62b499ff2181f38f50	76657	spontaneous-speech-en-76657.mp3	3672	8329	Why is the sky on Earth blue?	different_language		English
8c048326e93a94589190693897ce3456	29274	spontaneous-speech-en-29274.mp3	21816	176	Describe a historical event you learned about in school	different_language		English
ee774b4e459f62505334dc744ffc11fa	75335	spontaneous-speech-en-75335.mp3	5580	6385	What is your best travelling experience?	different_language	It's Japanese	English
1b54eb67011a365112f5f982daab2383	77943	spontaneous-speech-en-77943.mp3	1476	6309	What music do you like?	different_language		English
196a5cad7254e133fbb226989034e460	75568	spontaneous-speech-en-75568.mp3	4680	132	What seasons or weather variations do you have in your country?	different_language	Japanese	English
02d32c193f011d23485868e7acba2be5	76842	spontaneous-speech-en-76842.mp3	4788	6351	What's the best present anyone ever gave you?	different_language	Japanese	English
dd3349dde79231489d6a517760406418	72336	spontaneous-speech-en-72336.mp3	3996	6312	What was your favorite thing in school?	different_language	Japanese	English
0e4ae2a6219f4fe5b0df4a24097bf85f	81970	spontaneous-speech-en-81970.mp3	4860	7232	How do you keep warm in winter?	different_language		English
4d2a8041919b730a5a15dbc7d01e257f	75467	spontaneous-speech-en-75467.mp3	4320	6384	What makes someone a good teacher?	different_language		English
8c048326e93a94589190693897ce3456	29048	spontaneous-speech-en-29048.mp3	18396	167	How did you learn the languages that you speak?	different_language		English
cbe5728321e3fbeb0e140205ab5c10be	80898	spontaneous-speech-en-80898.mp3	16236	6684	If you could speak to one animal, which would you choose?	different_language		English
75d2107f9efb1bcff2c3e3d7986930cc	85896	spontaneous-speech-en-85896.mp3	14796	148	What do you do to mark your birthday?	different_language		English
5c0eb0daa73a63891a463fa66f5c316b	75125	spontaneous-speech-en-75125.mp3	1800	6304	What do you like to do outside?	other	Empty	English
14f25e305d7cc51033fcaa2022eeaaa3	85941	spontaneous-speech-en-85941.mp3	16128	233	What is your favorite local radio program?	different_language		English
4cd8e84fc90f1f42885cbaf124e05813	77436	spontaneous-speech-en-77436.mp3	3420	168	What was your favourite subject in school and why?	different_language		English
00a1abf4c4bd78a254176b6f91d10972	77589	spontaneous-speech-en-77589.mp3	4608	7926	Should animals suffer because we like to eat meat?	different_language		English
523b94bed5eb57a88074ad5240b1adf5	77252	spontaneous-speech-en-77252.mp3	2088	7353	Who do you love the most?	different_language	it's japanese	English
93f5a435221b9c28adee627fbd21ce66	76546	spontaneous-speech-en-76546.mp3	2268	6308	What is your favorite flower?	different_language		English
3bca534f775a5a7d006e05dfcf386b54	76642	spontaneous-speech-en-76642.mp3	2736	8421	What fills you with hope?	different_language		English
6669d9e9df207cfff13b04a81a034947	78381	spontaneous-speech-en-78381.mp3	2880	6385	What is your best travelling experience?	different_language		English
8d7e4f52b46564c08254cf96310e42b7	82017	spontaneous-speech-en-82017.mp3	2700	6680	What summertime holidays do you celebrate?	different_language		English
b4c91fe7b5e7a6e6e050dadddb49edeb	77186	spontaneous-speech-en-77186.mp3	3168	189	Do you play any musical instruments?	different_language		English
01e01258429bf6f94fde53427c2b5c2b	81143	spontaneous-speech-en-81143.mp3	4896	9380	If you could have one superpower, what would you choose?	different_language		English
bba664dfffabbfbb21066c1a8e73a3b1	77296	spontaneous-speech-en-77296.mp3	2880	7239	for voice cloning inside parents home. 	different_language		English
5232f556a694977277ea9fd511c6c993	73745	spontaneous-speech-en-73745.mp3	22176	7220	Have you ever taken part in a demonstration?	different_language		English
ee774b4e459f62505334dc744ffc11fa	75354	spontaneous-speech-en-75354.mp3	4968	184	How do you feel about swimming? Why?	different_language		English
5b7587fb332185310f236ced04fe1808	76686	spontaneous-speech-en-76686.mp3	1656	6388	Do you like train journeys?	different_language		English
8d24ca31d519723d2953adcecd199961	80920	spontaneous-speech-en-80920.mp3	7740	6338	How should crime be punished?	different_language		English
5f49b5068910e71c1669f621c1384fa6	79702	spontaneous-speech-en-79702.mp3	2376	6295	What was the last book you read about?	different_language		English
8d24ca31d519723d2953adcecd199961	80969	spontaneous-speech-en-80969.mp3	2916	209	How do you top up, add credit or pay for your mobile phone	different_language		English
3d5b3299fbc0ec35ef6d137944f9112a	77489	spontaneous-speech-en-77489.mp3	8172	8420	What fills you with determination?	different_language		English
c4bbab6defd4a80f3cafb4c3dd050c14	76588	spontaneous-speech-en-76588.mp3	2988	6348	What is a good gift for an adult?	different_language		English
66133e46822bcd293afd84d93dfce815	75197	spontaneous-speech-en-75197.mp3	1944	161	What clothes do you like to wear?	different_language		English
5f49b5068910e71c1669f621c1384fa6	79782	spontaneous-speech-en-79782.mp3	4896	7352	What is your best memory?	different_language		English
ae350f06d33c54ddbd68b02c9fce8c56	86576	spontaneous-speech-en-86576.mp3	23688	145	What is your ideal party or celebration?	different_language		English
cbe5728321e3fbeb0e140205ab5c10be	80887	spontaneous-speech-en-80887.mp3	8676	6361	What single thing would you like to make sure you do during your lifetime?	different_language		English
c49634aba5646c6e721927f01f3bb8e7	77083	spontaneous-speech-en-77083.mp3	7776	6300	What do you remember from your childhood?	different_language		English
958f86f35a00b47c9a89bc2c9223b49d	75677	spontaneous-speech-en-75677.mp3	2628	6360	What do you think of the night sky?	different_language		English
5f49b5068910e71c1669f621c1384fa6	79670	spontaneous-speech-en-79670.mp3	4788	6389	What do you like about travelling?	different_language		English
3b475ca1e94057b8fcf60ee2c0cdc37c	78761	spontaneous-speech-en-78761.mp3	3240	189	Do you play any musical instruments?	different_language		English
2d351d97ad058f70afbc2680aeb9e896	76563	spontaneous-speech-en-76563.mp3	2196	6378	What is your favorite color?	different_language		English
8d4aabc5e44eedcd0226c3238532ec49	78116	spontaneous-speech-en-78116.mp3	2916	7217	Do you prefer a warm bath or a warm bed?	different_language		English
0c0d79508cbb71bdda9e9d2524b9788e	77060	spontaneous-speech-en-77060.mp3	3168	128	Do you know any names for the stars and constellations?	different_language		English
f4f55b4625411b4ace9ed2f730cd9b1e	73789	spontaneous-speech-en-73789.mp3	2808	6358	How do you handle someone staring at you?	different_language		English
75d2107f9efb1bcff2c3e3d7986930cc	88302	spontaneous-speech-en-88302.mp3	19836	175	Is there a piece of homework you remember struggling with?	different_language		English
d42dc33434484cd99fd93c8612579c5a	75577	spontaneous-speech-en-75577.mp3	5148	7213	Do you like spicy food?	different_language		English
02d32c193f011d23485868e7acba2be5	77037	spontaneous-speech-en-77037.mp3	1188	5197	What color is the sky right now?	different_language		English
5f49b5068910e71c1669f621c1384fa6	79652	spontaneous-speech-en-79652.mp3	7380	134	What do you think about climate change?	other	not in english	English
d42280c8143b96fc740d68aca6447b03	71795	spontaneous-speech-en-71795.mp3	5868	223	What are the main reasons people in your community move to other places?	different_language	Different language	English
5232f556a694977277ea9fd511c6c993	73690	spontaneous-speech-en-73690.mp3	20088	202	Tell me about the time you got your first phone.	different_language	Different language	English
3b475ca1e94057b8fcf60ee2c0cdc37c	78745	spontaneous-speech-en-78745.mp3	4356	6343	What is the farthest you've been from home?	different_language	Empty	English
a27026329b9fba4713c8d88c9ef855e9	75525	spontaneous-speech-en-75525.mp3	2556	240	How do older generations teach or engage with younger people in your society?	different_language	unintelligible	English
8d7e4f52b46564c08254cf96310e42b7	82018	spontaneous-speech-en-82018.mp3	9036	147	Describe a moment when you felt great joy. What made this experience so special?	different_language	Empty 	English
75d2107f9efb1bcff2c3e3d7986930cc	88317	spontaneous-speech-en-88317.mp3	21240	211	Does your family have a strict budget?	different_language	different language	English
93f5a435221b9c28adee627fbd21ce66	76528	spontaneous-speech-en-76528.mp3	3312	6325	Would you rather be blind or deaf and why?	different_language	nonsensical	English
f4335e42158bf069a1d9e0ca4daf1ac6	73844	spontaneous-speech-en-73844.mp3	1728	7355	What is your dream?	different_language	different language	English
a27026329b9fba4713c8d88c9ef855e9	75492	spontaneous-speech-en-75492.mp3	2736	6373	How much money is enough?	different_language	different language,	English
3f52e83d753bfdb58dfa1bf8da1ff2fd	77833	spontaneous-speech-en-77833.mp3	2808	6305	What is your favorite video game?	different_language	different language,	English
51799fe44caa79eb33ebcec60fa90346	86783	spontaneous-speech-en-86783.mp3	6876	6686	What's the weather like today?	different_language		English
8d7e4f52b46564c08254cf96310e42b7	82030	spontaneous-speech-en-82030.mp3	11628	230	What games do children play in your community?	different_language		English
3f52e83d753bfdb58dfa1bf8da1ff2fd	77853	spontaneous-speech-en-77853.mp3	2340	6322	Did you have a favorite toy?	different_language		English
dd11025ad41f020735ed5b261eeffc62	77370	spontaneous-speech-en-77370.mp3	3600	179	What kinds of migration do you have in your country?	different_language		English
309cbafa765770e342ee249c2c458d1a	81314	spontaneous-speech-en-81314.mp3	6372	9714	How would you help your parents in their old age?	different_language	Dutch or Deutsch I guess	English
d0da4607333af18f84f92d15ff000832	80633	spontaneous-speech-en-80633.mp3	4248	6371	What is something you consider to be a great personal success?	different_language	Japanese?	English
646ff82677d0cf57b53f50b6bf4f380d	80670	spontaneous-speech-en-80670.mp3	9396	7233	To improve our way of living and to obtain knowledge  about different things and also explore different cultures	different_language	Japanese?	English
ae350f06d33c54ddbd68b02c9fce8c56	86420	spontaneous-speech-en-86420.mp3	22788	6350	What is the worst present you ever received?	different_language	Japanese?	English
5f49b5068910e71c1669f621c1384fa6	79732	spontaneous-speech-en-79732.mp3	2376	6660	Can you describe your most challenging climb?	different_language	Japanese?	English
5232f556a694977277ea9fd511c6c993	73716	spontaneous-speech-en-73716.mp3	30240	6324	How did you learn to read?	different_language	Dutch or Deutsch?	English
ae350f06d33c54ddbd68b02c9fce8c56	86559	spontaneous-speech-en-86559.mp3	6840	7216	What’s the weirdest place you have had a meal?	different_language		English
8d24ca31d519723d2953adcecd199961	80976	spontaneous-speech-en-80976.mp3	2700	6668	How would you describe climbing experiences in simple words?	different_language		English
5f49b5068910e71c1669f621c1384fa6	79759	spontaneous-speech-en-79759.mp3	4536	173	How can we make sure students in schools are kind to each other?	different_language	Japanese?	English
8b621a190e5c6fc6c858e6832f43d572	76227	spontaneous-speech-en-76227.mp3	4536	6333	What is the weather today?	different_language	Japanese?	English
14f25e305d7cc51033fcaa2022eeaaa3	85965	spontaneous-speech-en-85965.mp3	18000	196	What do you use technology for most often?	different_language		English
3654b90fc0430c5429858fa9f9b801bd	78005	spontaneous-speech-en-78005.mp3	39456	144	What wishes do you have for your children?	different_language	Japanese?	English
5c0eb0daa73a63891a463fa66f5c316b	75137	spontaneous-speech-en-75137.mp3	216	6681	What holidays do you and your family celebrate in the fall?	different_language		English
f1271b47399ec2b9b0394e7bdb4aa3a2	77102	spontaneous-speech-en-77102.mp3	3780	154	Why is it impportant to wash your hands regularly?	different_language		English
4e7b5dc6fc16c1e06da39598adb12f57	75625	spontaneous-speech-en-75625.mp3	4320	9234	‌ what we will have to do it for our mother tongue to keep alive in the world.?	different_language	Japanese?	English
6669d9e9df207cfff13b04a81a034947	78396	spontaneous-speech-en-78396.mp3	2196	6293	What was the last big trip you went on?	different_language		English
fadfd69228c317b1beaa359b0e0f2bbf	78237	spontaneous-speech-en-78237.mp3	7740	6666	How do you choose climbing locations?	different_language		English
3f52e83d753bfdb58dfa1bf8da1ff2fd	77831	spontaneous-speech-en-77831.mp3	4320	192	Describe a creative activity or project that you've ever worked on	different_language	Japanese?	English
c63ae9fdb337e4aae03c7e354356648c	72835	spontaneous-speech-en-72835.mp3	21348	203	Do you drive any vehicles?	different_language	Other language	English
f14aa6bf2f0e9d7f16bf4d17a28f9f28	78011	spontaneous-speech-en-78011.mp3	3420	6296	What is your favorite food?	different_language	Japanese?	English
3bca534f775a5a7d006e05dfcf386b54	76635	spontaneous-speech-en-76635.mp3	2520	6328	What happens to people when they die?	different_language	Japanese?	English
cbe5728321e3fbeb0e140205ab5c10be	80888	spontaneous-speech-en-80888.mp3	7020	9795	How do you verbalize gratitude in everyday interactions?	different_language	Other language	English
ae350f06d33c54ddbd68b02c9fce8c56	86575	spontaneous-speech-en-86575.mp3	23436	6375	Do you believe what you’ve been brought up with?	different_language	Other language	English
e552f10b7b40d46b219f0f5e11d0ff7d	81054	spontaneous-speech-en-81054.mp3	2700	211	Does your family have a strict budget?	different_language	Japanese?	English
f7bfaea11982396c5eeda5680ee78c69	77153	spontaneous-speech-en-77153.mp3	3168	6311	Why do you use common voice?	different_language	Empty	English
4d3c0142c58ac2b348406dc72bb971a0	75113	spontaneous-speech-en-75113.mp3	39888	198	Do people of different ages use technology differently?	different_language		English
b7e55ee27614f3f20d7f1760a0daac5d	76604	spontaneous-speech-en-76604.mp3	5868	126	What kinds of plants or flowers have you seen this week?	different_language		English
ae350f06d33c54ddbd68b02c9fce8c56	86526	spontaneous-speech-en-86526.mp3	68796	6682	How do you cook your favourite meal?	different_language	Other language	English
72508186c25987bc1c72fe015e46c18e	87335	spontaneous-speech-en-87335.mp3	8460	9783	When you felt joy, what vocal cues (tone, pitch, pace) stood out in your speech?	different_language	Other language	English
575636bb5ea91cded41e918fb3a7bf7f	82172	spontaneous-speech-en-82172.mp3	9360	186	Do you prefer to be indoors or outdoors? Why?	different_language	Other language	English
4e7b5dc6fc16c1e06da39598adb12f57	75633	spontaneous-speech-en-75633.mp3	3060	6306	Are you good at swimming?	different_language	Japanese?	English
caaa08af29cda5da5afd916f2805a921	28877	spontaneous-speech-en-28877.mp3	14148	216	What kinds of businesses do you wish your community had more of?	different_language	Other language	English
02d32c193f011d23485868e7acba2be5	77068	spontaneous-speech-en-77068.mp3	1440	6301	What was your first teacher like?	different_language	Empty	English
5232f556a694977277ea9fd511c6c993	73733	spontaneous-speech-en-73733.mp3	9900	6316	What kind of shoes do you like?	different_language	Other language	English
5c0eb0daa73a63891a463fa66f5c316b	75147	spontaneous-speech-en-75147.mp3	288	6372	Who is your best friend?	different_language		English
fadfd69228c317b1beaa359b0e0f2bbf	78202	spontaneous-speech-en-78202.mp3	6336	179	What kinds of migration do you have in your country?	different_language		English
00a1abf4c4bd78a254176b6f91d10972	77592	spontaneous-speech-en-77592.mp3	2736	6294	What is your favorite hobby and why?	different_language		English
edbdcf2b74201fbf1a64c4b7d0480dfe	77699	spontaneous-speech-en-77699.mp3	5616	6369	How do you handle pressure?	different_language	Japanese?	English
41957a9c72caf639f9e7ba46935dccd3	77697	spontaneous-speech-en-77697.mp3	3888	202	Tell me about the time you got your first phone.	different_language		English
a8a682a110389fc219c02b42b9d11f31	83005	spontaneous-speech-en-83005.mp3	7668	9697	If you could change in the world, what it would be?	different_language		English
c49634aba5646c6e721927f01f3bb8e7	77082	spontaneous-speech-en-77082.mp3	6048	154	Why is it impportant to wash your hands regularly?	different_language	Japanese?	English
75d2107f9efb1bcff2c3e3d7986930cc	88340	spontaneous-speech-en-88340.mp3	17136	222	What types of public services do you think are most important for a community?	different_language	Other language	English
0cbb0cd6ccd446c2320e2af4211fc8b9	77297	spontaneous-speech-en-77297.mp3	324	6375	Do you believe what you’ve been brought up with?	different_language		English
ec86c55154449ed6e233d0f6de78b0f5	79943	spontaneous-speech-en-79943.mp3	5796	237	Who is a famous historical figure or legend from your country?	different_language	Japanese?	English
ee774b4e459f62505334dc744ffc11fa	75343	spontaneous-speech-en-75343.mp3	3348	6316	What kind of shoes do you like?	different_language	Japanese?	English
5232f556a694977277ea9fd511c6c993	73712	spontaneous-speech-en-73712.mp3	9216	208	How do you think AI can be used in everyday life?	different_language	Deutsch or Dutch I guess?	English
5c0eb0daa73a63891a463fa66f5c316b	75125	spontaneous-speech-en-75125.mp3	1800	6304	What do you like to do outside?	different_language		English
6504d56b742b6ca68180e542739c85ea	4604	spontaneous-speech-en-4604.mp3	28944	232	What is a popular local children's book or story?	different_language	Other language	English
02d32c193f011d23485868e7acba2be5	77055	spontaneous-speech-en-77055.mp3	936	6306	Are you good at swimming?	different_language		English
646d7e2507e17edbb5beddf36f15ad70	87618	spontaneous-speech-en-87618.mp3	14868	135	Has the weather changed in your country over the last 10 years?	different_language	Other language	English
8b621a190e5c6fc6c858e6832f43d572	76237	spontaneous-speech-en-76237.mp3	1980	6324	How did you learn to read?	different_language	Japanese?	English
309cbafa765770e342ee249c2c458d1a	81324	spontaneous-speech-en-81324.mp3	6516	163	What colours do you like?	different_language	Deutsche or Dutch?	English
58f47d8d9388bb101ce91e947db86e3d	74991	spontaneous-speech-en-74991.mp3	2376	6385	What is your best travelling experience?	different_language	Japanese?	English
646ff82677d0cf57b53f50b6bf4f380d	80705	spontaneous-speech-en-80705.mp3	5796	232	What is a popular local children's book or story?	different_language	Japanese?	English
dd11025ad41f020735ed5b261eeffc62	77402	spontaneous-speech-en-77402.mp3	6696	6290	What do you do when you're sick?	different_language	Japanese?	English
d42280c8143b96fc740d68aca6447b03	71796	spontaneous-speech-en-71796.mp3	4968	8321	What is your favorite type of weather?	different_language	Other language	English
5560dbef238a99971317525ecb408dd6	89538	spontaneous-speech-en-89538.mp3	3888	6344	What is the longest you've stayed in your house?	different_language		English
5c0eb0daa73a63891a463fa66f5c316b	75133	spontaneous-speech-en-75133.mp3	756	139	What job would you most like to have and why?	different_language	Empty	English
2913bc83dc4f576f7ac78fe13e767c4e	78512	spontaneous-speech-en-78512.mp3	5148	212	How do you try and save money in your family?	different_language	Japanese?	English
ce26a60c6cc4728830c115ccc98aaaa7	29185	spontaneous-speech-en-29185.mp3	8892	188	Which sports do you think are fun to watch?	different_language	Other language	English
ee774b4e459f62505334dc744ffc11fa	75318	spontaneous-speech-en-75318.mp3	2916	6298	What is your family like?	different_language	Japanese?	English
8c562d3b5077db1fafe584ad21c353d2	76520	spontaneous-speech-en-76520.mp3	1332	6378	What is your favorite color?	different_language		English
8d7e4f52b46564c08254cf96310e42b7	82050	spontaneous-speech-en-82050.mp3	4140	8187	Which language’s recordings do you enjoy reviewing the most, and why?	different_language	Empty	English
caaa08af29cda5da5afd916f2805a921	28897	spontaneous-speech-en-28897.mp3	5940	173	How can we make sure students in schools are kind to each other?	different_language	Other language	English
1b54eb67011a365112f5f982daab2383	77934	spontaneous-speech-en-77934.mp3	3636	173	How can we make sure students in schools are kind to each other?	different_language	Japanese?	English
ae350f06d33c54ddbd68b02c9fce8c56	86561	spontaneous-speech-en-86561.mp3	8388	6352	What makes people happy?	different_language	Other language	English
0c0d79508cbb71bdda9e9d2524b9788e	77028	spontaneous-speech-en-77028.mp3	5940	137	What advice would you give a friend who is away from home and missing their family?	different_language	Japanese?	English
bc801a216702678e2ec2ca0de81f063f	74139	spontaneous-speech-en-74139.mp3	6048	138	When you were a child what did you want to be when you grow up?	different_language	Japanese?	English
5420f0f979b5e1a40cf4f3fa6fd368c2	76160	spontaneous-speech-en-76160.mp3	4320	192	Describe a creative activity or project that you've ever worked on	different_language	Japanese?	English
8c048326e93a94589190693897ce3456	29058	spontaneous-speech-en-29058.mp3	20916	215	How can society help people in need?	different_language	Other language	English
6504d56b742b6ca68180e542739c85ea	4434	spontaneous-speech-en-4434.mp3	17280	189	Do you play any musical instruments?		bulk-cleanup-v1-non-english	English
6504d56b742b6ca68180e542739c85ea	4492	spontaneous-speech-en-4492.mp3	21780	169	How do people vote in your country?		bulk-cleanup-v1-non-english	English
6504d56b742b6ca68180e542739c85ea	4535	spontaneous-speech-en-4535.mp3	21384	185	How do you feel about long walks? Why?		bulk-cleanup-v1-non-english	English
6504d56b742b6ca68180e542739c85ea	4550	spontaneous-speech-en-4550.mp3	23724	184	How do you feel about swimming? Why?		bulk-cleanup-v1-non-english	English
6504d56b742b6ca68180e542739c85ea	4554	spontaneous-speech-en-4554.mp3	24696	138	When you were a child what did you want to be when you grow up?		bulk-cleanup-v1-non-english	English
6504d56b742b6ca68180e542739c85ea	4560	spontaneous-speech-en-4560.mp3	20052	188	Which sports do you think are fun to watch?		bulk-cleanup-v1-non-english	English
6504d56b742b6ca68180e542739c85ea	4604	spontaneous-speech-en-4604.mp3	28944	232	What is a popular local children's book or story?		bulk-cleanup-v1-non-english	English
6504d56b742b6ca68180e542739c85ea	4622	spontaneous-speech-en-4622.mp3	25956	207	What are your thoughts on the benefits and risks of using technology?		bulk-cleanup-v1-non-english	English
0713c98ef01495f851d7963b1cf9032a	20337	spontaneous-speech-en-20337.mp3	2520	141	What is your biggest hope for the future?		bulk-cleanup-v1-non-english	English
0713c98ef01495f851d7963b1cf9032a	20338	spontaneous-speech-en-20338.mp3	2448	127	What is the biggest insect where you come from?		bulk-cleanup-v1-non-english	English
0713c98ef01495f851d7963b1cf9032a	20339	spontaneous-speech-en-20339.mp3	4320	219	How can small loans help women start businesses?		bulk-cleanup-v1-non-english	English
d1242ec456e1f92673c00e968d7e40ae	28410	spontaneous-speech-en-28410.mp3	19548	143	What do you like about your partner, spouse or best friend?		bulk-cleanup-v1-non-english	English
d1242ec456e1f92673c00e968d7e40ae	28418	spontaneous-speech-en-28418.mp3	23976	176	Describe a historical event you learned about in school		bulk-cleanup-v1-non-english	English
d1242ec456e1f92673c00e968d7e40ae	28427	spontaneous-speech-en-28427.mp3	12780	158	What one thing do you wish you did more of to stay healthy?		bulk-cleanup-v1-non-english	English
d1242ec456e1f92673c00e968d7e40ae	28434	spontaneous-speech-en-28434.mp3	10296	189	Do you play any musical instruments?		bulk-cleanup-v1-non-english	English
d1242ec456e1f92673c00e968d7e40ae	28463	spontaneous-speech-en-28463.mp3	14976	145	What is your ideal party or celebration?		bulk-cleanup-v1-non-english	English
d1242ec456e1f92673c00e968d7e40ae	28468	spontaneous-speech-en-28468.mp3	17748	175	Is there a piece of homework you remember struggling with?		bulk-cleanup-v1-non-english	English
d1242ec456e1f92673c00e968d7e40ae	28470	spontaneous-speech-en-28470.mp3	10548	121	What do you want to do with your next day off?		bulk-cleanup-v1-non-english	English
d1242ec456e1f92673c00e968d7e40ae	28473	spontaneous-speech-en-28473.mp3	10980	185	How do you feel about long walks? Why?		bulk-cleanup-v1-non-english	English
d1242ec456e1f92673c00e968d7e40ae	28490	spontaneous-speech-en-28490.mp3	12816	222	What types of public services do you think are most important for a community?		bulk-cleanup-v1-non-english	English
d1242ec456e1f92673c00e968d7e40ae	28496	spontaneous-speech-en-28496.mp3	16776	147	Describe a moment when you felt great joy. What made this experience so special?		bulk-cleanup-v1-non-english	English
d1242ec456e1f92673c00e968d7e40ae	28507	spontaneous-speech-en-28507.mp3	9036	209	How do you top up, add credit or pay for your mobile phone		bulk-cleanup-v1-non-english	English
d1242ec456e1f92673c00e968d7e40ae	28513	spontaneous-speech-en-28513.mp3	13320	165	Describe some foods that are unhealthy or should only be had sometimes 		bulk-cleanup-v1-non-english	English
d1242ec456e1f92673c00e968d7e40ae	28520	spontaneous-speech-en-28520.mp3	5436	236	Does your community do any kind of traditional dance or music?		bulk-cleanup-v1-non-english	English
d1242ec456e1f92673c00e968d7e40ae	28523	spontaneous-speech-en-28523.mp3	13536	129	Describe a visit to an ocean, lake or river.		bulk-cleanup-v1-non-english	English
d1242ec456e1f92673c00e968d7e40ae	28528	spontaneous-speech-en-28528.mp3	9648	228	What genre of music is your favourite?		bulk-cleanup-v1-non-english	English
d1242ec456e1f92673c00e968d7e40ae	28534	spontaneous-speech-en-28534.mp3	5868	221	How do banks keep your money safe?		bulk-cleanup-v1-non-english	English
d1242ec456e1f92673c00e968d7e40ae	28537	spontaneous-speech-en-28537.mp3	12960	177	How would you go about finding a lawyer in your country?		bulk-cleanup-v1-non-english	English
d1242ec456e1f92673c00e968d7e40ae	28539	spontaneous-speech-en-28539.mp3	10548	169	How do people vote in your country?		bulk-cleanup-v1-non-english	English
d1242ec456e1f92673c00e968d7e40ae	28543	spontaneous-speech-en-28543.mp3	12816	187	What kind of art do you like?		bulk-cleanup-v1-non-english	English
d1242ec456e1f92673c00e968d7e40ae	28547	spontaneous-speech-en-28547.mp3	14760	159	What health concerns are pressing in your country?		bulk-cleanup-v1-non-english	English
d1242ec456e1f92673c00e968d7e40ae	28554	spontaneous-speech-en-28554.mp3	5040	211	Does your family have a strict budget?		bulk-cleanup-v1-non-english	English
d1242ec456e1f92673c00e968d7e40ae	28564	spontaneous-speech-en-28564.mp3	11016	156	Who takes care of women expecting babies in your community?		bulk-cleanup-v1-non-english	English
d1242ec456e1f92673c00e968d7e40ae	28589	spontaneous-speech-en-28589.mp3	14760	181	What is the most stressful part of your work, studies or hobby?		bulk-cleanup-v1-non-english	English
d1242ec456e1f92673c00e968d7e40ae	28596	spontaneous-speech-en-28596.mp3	8496	179	What kinds of migration do you have in your country?		bulk-cleanup-v1-non-english	English
d1242ec456e1f92673c00e968d7e40ae	28623	spontaneous-speech-en-28623.mp3	10836	160	Who do you ask if you have a question about an ailment?		bulk-cleanup-v1-non-english	English
d1242ec456e1f92673c00e968d7e40ae	28625	spontaneous-speech-en-28625.mp3	6840	193	How do you feel about participating in team sports versus individual sports?		bulk-cleanup-v1-non-english	English
d1242ec456e1f92673c00e968d7e40ae	28628	spontaneous-speech-en-28628.mp3	11628	216	What kinds of businesses do you wish your community had more of?		bulk-cleanup-v1-non-english	English
d1242ec456e1f92673c00e968d7e40ae	28630	spontaneous-speech-en-28630.mp3	16668	148	What do you do to mark your birthday?		bulk-cleanup-v1-non-english	English
d1242ec456e1f92673c00e968d7e40ae	28643	spontaneous-speech-en-28643.mp3	6768	162	Where is your ideal vacation or trip?		bulk-cleanup-v1-non-english	English
d1242ec456e1f92673c00e968d7e40ae	28648	spontaneous-speech-en-28648.mp3	16308	167	How did you learn the languages that you speak?		bulk-cleanup-v1-non-english	English
d1242ec456e1f92673c00e968d7e40ae	28653	spontaneous-speech-en-28653.mp3	14328	197	How often do you use a mobile phone?		bulk-cleanup-v1-non-english	English
d1242ec456e1f92673c00e968d7e40ae	28655	spontaneous-speech-en-28655.mp3	5580	208	How do you think AI can be used in everyday life?		bulk-cleanup-v1-non-english	English
d1242ec456e1f92673c00e968d7e40ae	28658	spontaneous-speech-en-28658.mp3	5580	196	What do you use technology for most often?		bulk-cleanup-v1-non-english	English
d1242ec456e1f92673c00e968d7e40ae	28659	spontaneous-speech-en-28659.mp3	4068	201	What do you think AI is?		bulk-cleanup-v1-non-english	English
d1242ec456e1f92673c00e968d7e40ae	28660	spontaneous-speech-en-28660.mp3	6840	194	Describe a creative, beautiful or decorative object that you own		bulk-cleanup-v1-non-english	English
d1242ec456e1f92673c00e968d7e40ae	28661	spontaneous-speech-en-28661.mp3	5508	144	What wishes do you have for your children?		bulk-cleanup-v1-non-english	English
d1242ec456e1f92673c00e968d7e40ae	28663	spontaneous-speech-en-28663.mp3	11016	214	Does your government have strong welfare programmes?		bulk-cleanup-v1-non-english	English
d1242ec456e1f92673c00e968d7e40ae	28664	spontaneous-speech-en-28664.mp3	7020	183	What kinds of sports or exercise do you like?		bulk-cleanup-v1-non-english	English
d1242ec456e1f92673c00e968d7e40ae	28675	spontaneous-speech-en-28675.mp3	4536	135	Has the weather changed in your country over the last 10 years?		bulk-cleanup-v1-non-english	English
d1242ec456e1f92673c00e968d7e40ae	28678	spontaneous-speech-en-28678.mp3	9360	224	How have payments changed in your country over the last five years		bulk-cleanup-v1-non-english	English
d1242ec456e1f92673c00e968d7e40ae	28681	spontaneous-speech-en-28681.mp3	10728	218	How effective are the social support systems provided by your government?		bulk-cleanup-v1-non-english	English
d1242ec456e1f92673c00e968d7e40ae	28682	spontaneous-speech-en-28682.mp3	2808	220	What do you think about using online banking?		bulk-cleanup-v1-non-english	English
d1242ec456e1f92673c00e968d7e40ae	28684	spontaneous-speech-en-28684.mp3	7740	180	What kinds of documents do you need to move around within your country, or to neighbouring countries?		bulk-cleanup-v1-non-english	English
d1242ec456e1f92673c00e968d7e40ae	28696	spontaneous-speech-en-28696.mp3	18396	149	Describe how a teacher, mentor or relative has shaped your life?		bulk-cleanup-v1-non-english	English
d1242ec456e1f92673c00e968d7e40ae	28700	spontaneous-speech-en-28700.mp3	5868	210	What kinds of places does your mobile have bad reception or service		bulk-cleanup-v1-non-english	English
d1242ec456e1f92673c00e968d7e40ae	28708	spontaneous-speech-en-28708.mp3	4356	136	What advice would you give a friend who is nervous about something?		bulk-cleanup-v1-non-english	English
d1242ec456e1f92673c00e968d7e40ae	28709	spontaneous-speech-en-28709.mp3	8568	212	How do you try and save money in your family?		bulk-cleanup-v1-non-english	English
d1242ec456e1f92673c00e968d7e40ae	28712	spontaneous-speech-en-28712.mp3	14580	137	What advice would you give a friend who is away from home and missing their family?		bulk-cleanup-v1-non-english	English
d1242ec456e1f92673c00e968d7e40ae	28713	spontaneous-speech-en-28713.mp3	5688	237	Who is a famous historical figure or legend from your country?		bulk-cleanup-v1-non-english	English
d1242ec456e1f92673c00e968d7e40ae	28714	spontaneous-speech-en-28714.mp3	6840	191	If you could spend a day learning a new hobby, what would it be and why?		bulk-cleanup-v1-non-english	English
d1242ec456e1f92673c00e968d7e40ae	28723	spontaneous-speech-en-28723.mp3	3060	238	Are there local events or festivals your family attend?		bulk-cleanup-v1-non-english	English
d1242ec456e1f92673c00e968d7e40ae	28724	spontaneous-speech-en-28724.mp3	13140	168	What was your favourite subject in school and why?		bulk-cleanup-v1-non-english	English
d1242ec456e1f92673c00e968d7e40ae	28727	spontaneous-speech-en-28727.mp3	7056	215	How can society help people in need?		bulk-cleanup-v1-non-english	English
d1242ec456e1f92673c00e968d7e40ae	28730	spontaneous-speech-en-28730.mp3	3816	182	If you could learn any skill, what would you want to learn?		bulk-cleanup-v1-non-english	English
d1242ec456e1f92673c00e968d7e40ae	28731	spontaneous-speech-en-28731.mp3	3348	122	What types of plants do you see most often?		bulk-cleanup-v1-non-english	English
d1242ec456e1f92673c00e968d7e40ae	28735	spontaneous-speech-en-28735.mp3	6120	227	Describe your favourite movie, TV show, or play?		bulk-cleanup-v1-non-english	English
d1242ec456e1f92673c00e968d7e40ae	28736	spontaneous-speech-en-28736.mp3	2916	130	Why do you think the sky is blue?		bulk-cleanup-v1-non-english	English
d1242ec456e1f92673c00e968d7e40ae	28738	spontaneous-speech-en-28738.mp3	7056	202	Tell me about the time you got your first phone.		bulk-cleanup-v1-non-english	English
d1242ec456e1f92673c00e968d7e40ae	28740	spontaneous-speech-en-28740.mp3	4500	171	How can schools and parents help each other educate children?		bulk-cleanup-v1-non-english	English
d1242ec456e1f92673c00e968d7e40ae	28753	spontaneous-speech-en-28753.mp3	10368	186	Do you prefer to be indoors or outdoors? Why?		bulk-cleanup-v1-non-english	English
d1242ec456e1f92673c00e968d7e40ae	28755	spontaneous-speech-en-28755.mp3	9108	140	What's your favourite holiday and why?		bulk-cleanup-v1-non-english	English
d1242ec456e1f92673c00e968d7e40ae	28756	spontaneous-speech-en-28756.mp3	6048	188	Which sports do you think are fun to watch?		bulk-cleanup-v1-non-english	English
caaa08af29cda5da5afd916f2805a921	28876	spontaneous-speech-en-28876.mp3	19368	221	How do banks keep your money safe?		bulk-cleanup-v1-non-english	English
caaa08af29cda5da5afd916f2805a921	28877	spontaneous-speech-en-28877.mp3	14148	216	What kinds of businesses do you wish your community had more of?		bulk-cleanup-v1-non-english	English
caaa08af29cda5da5afd916f2805a921	28881	spontaneous-speech-en-28881.mp3	18036	152	How do you take care of your body and health?		bulk-cleanup-v1-non-english	English
caaa08af29cda5da5afd916f2805a921	28887	spontaneous-speech-en-28887.mp3	12600	194	Describe a creative, beautiful or decorative object that you own		bulk-cleanup-v1-non-english	English
caaa08af29cda5da5afd916f2805a921	28888	spontaneous-speech-en-28888.mp3	12708	139	What job would you most like to have and why?		bulk-cleanup-v1-non-english	English
caaa08af29cda5da5afd916f2805a921	28890	spontaneous-speech-en-28890.mp3	4788	232	What is a popular local children's book or story?		bulk-cleanup-v1-non-english	English
caaa08af29cda5da5afd916f2805a921	28895	spontaneous-speech-en-28895.mp3	5040	239	What are some traditional games or activities children play in your community?		bulk-cleanup-v1-non-english	English
caaa08af29cda5da5afd916f2805a921	28896	spontaneous-speech-en-28896.mp3	10080	238	Are there local events or festivals your family attend?		bulk-cleanup-v1-non-english	English
caaa08af29cda5da5afd916f2805a921	28897	spontaneous-speech-en-28897.mp3	5940	173	How can we make sure students in schools are kind to each other?		bulk-cleanup-v1-non-english	English
caaa08af29cda5da5afd916f2805a921	28902	spontaneous-speech-en-28902.mp3	3456	168	What was your favourite subject in school and why?		bulk-cleanup-v1-non-english	English
caaa08af29cda5da5afd916f2805a921	28911	spontaneous-speech-en-28911.mp3	5148	169	How do people vote in your country?		bulk-cleanup-v1-non-english	English
caaa08af29cda5da5afd916f2805a921	28912	spontaneous-speech-en-28912.mp3	16560	235	What is a well-known story in your culture that you like?		bulk-cleanup-v1-non-english	English
caaa08af29cda5da5afd916f2805a921	28919	spontaneous-speech-en-28919.mp3	4608	193	How do you feel about participating in team sports versus individual sports?		bulk-cleanup-v1-non-english	English
caaa08af29cda5da5afd916f2805a921	28920	spontaneous-speech-en-28920.mp3	6156	218	How effective are the social support systems provided by your government?		bulk-cleanup-v1-non-english	English
caaa08af29cda5da5afd916f2805a921	28922	spontaneous-speech-en-28922.mp3	12096	166	Describe how to book a doctor's appointment in your country.		bulk-cleanup-v1-non-english	English
caaa08af29cda5da5afd916f2805a921	28924	spontaneous-speech-en-28924.mp3	13788	236	Does your community do any kind of traditional dance or music?		bulk-cleanup-v1-non-english	English
caaa08af29cda5da5afd916f2805a921	28927	spontaneous-speech-en-28927.mp3	8100	164	Describe some foods that are healthy and nourishing 		bulk-cleanup-v1-non-english	English
caaa08af29cda5da5afd916f2805a921	28929	spontaneous-speech-en-28929.mp3	6840	205	What technological advancements do you think would improve your quality of life?		bulk-cleanup-v1-non-english	English
caaa08af29cda5da5afd916f2805a921	28931	spontaneous-speech-en-28931.mp3	5868	143	What do you like about your partner, spouse or best friend?		bulk-cleanup-v1-non-english	English
caaa08af29cda5da5afd916f2805a921	28934	spontaneous-speech-en-28934.mp3	5400	138	When you were a child what did you want to be when you grow up?		bulk-cleanup-v1-non-english	English
caaa08af29cda5da5afd916f2805a921	28935	spontaneous-speech-en-28935.mp3	2340	183	What kinds of sports or exercise do you like?		bulk-cleanup-v1-non-english	English
caaa08af29cda5da5afd916f2805a921	28940	spontaneous-speech-en-28940.mp3	6300	219	How can small loans help women start businesses?		bulk-cleanup-v1-non-english	English
caaa08af29cda5da5afd916f2805a921	28942	spontaneous-speech-en-28942.mp3	6228	134	What do you think about climate change?		bulk-cleanup-v1-non-english	English
caaa08af29cda5da5afd916f2805a921	28944	spontaneous-speech-en-28944.mp3	7236	135	Has the weather changed in your country over the last 10 years?		bulk-cleanup-v1-non-english	English
caaa08af29cda5da5afd916f2805a921	28950	spontaneous-speech-en-28950.mp3	2448	191	If you could spend a day learning a new hobby, what would it be and why?		bulk-cleanup-v1-non-english	English
caaa08af29cda5da5afd916f2805a921	28953	spontaneous-speech-en-28953.mp3	5256	162	Where is your ideal vacation or trip?		bulk-cleanup-v1-non-english	English
caaa08af29cda5da5afd916f2805a921	28954	spontaneous-speech-en-28954.mp3	5256	165	Describe some foods that are unhealthy or should only be had sometimes 		bulk-cleanup-v1-non-english	English
caaa08af29cda5da5afd916f2805a921	28955	spontaneous-speech-en-28955.mp3	5868	228	What genre of music is your favourite?		bulk-cleanup-v1-non-english	English
caaa08af29cda5da5afd916f2805a921	28956	spontaneous-speech-en-28956.mp3	6336	127	What is the biggest insect where you come from?		bulk-cleanup-v1-non-english	English
caaa08af29cda5da5afd916f2805a921	28957	spontaneous-speech-en-28957.mp3	16308	231	Describe a visit to a cinema in your country		bulk-cleanup-v1-non-english	English
caaa08af29cda5da5afd916f2805a921	28958	spontaneous-speech-en-28958.mp3	14400	133	Describe any plants you have grown or harvested		bulk-cleanup-v1-non-english	English
caaa08af29cda5da5afd916f2805a921	28959	spontaneous-speech-en-28959.mp3	8100	233	What is your favorite local radio program?		bulk-cleanup-v1-non-english	English
caaa08af29cda5da5afd916f2805a921	28964	spontaneous-speech-en-28964.mp3	12996	179	What kinds of migration do you have in your country?		bulk-cleanup-v1-non-english	English
caaa08af29cda5da5afd916f2805a921	28965	spontaneous-speech-en-28965.mp3	10980	184	How do you feel about swimming? Why?		bulk-cleanup-v1-non-english	English
caaa08af29cda5da5afd916f2805a921	28980	spontaneous-speech-en-28980.mp3	5868	187	What kind of art do you like?		bulk-cleanup-v1-non-english	English
caaa08af29cda5da5afd916f2805a921	28982	spontaneous-speech-en-28982.mp3	11016	186	Do you prefer to be indoors or outdoors? Why?		bulk-cleanup-v1-non-english	English
caaa08af29cda5da5afd916f2805a921	28984	spontaneous-speech-en-28984.mp3	5148	209	How do you top up, add credit or pay for your mobile phone		bulk-cleanup-v1-non-english	English
ce26a60c6cc4728830c115ccc98aaaa7	29020	spontaneous-speech-en-29020.mp3	9432	210	What kinds of places does your mobile have bad reception or service		bulk-cleanup-v1-non-english	English
ce26a60c6cc4728830c115ccc98aaaa7	29021	spontaneous-speech-en-29021.mp3	11628	144	What wishes do you have for your children?		bulk-cleanup-v1-non-english	English
ce26a60c6cc4728830c115ccc98aaaa7	29023	spontaneous-speech-en-29023.mp3	7056	160	Who do you ask if you have a question about an ailment?		bulk-cleanup-v1-non-english	English
ce26a60c6cc4728830c115ccc98aaaa7	29024	spontaneous-speech-en-29024.mp3	4968	161	What clothes do you like to wear?		bulk-cleanup-v1-non-english	English
8c048326e93a94589190693897ce3456	29027	spontaneous-speech-en-29027.mp3	17316	156	Who takes care of women expecting babies in your community?		bulk-cleanup-v1-non-english	English
ce26a60c6cc4728830c115ccc98aaaa7	29028	spontaneous-speech-en-29028.mp3	13896	143	What do you like about your partner, spouse or best friend?		bulk-cleanup-v1-non-english	English
8c048326e93a94589190693897ce3456	29031	spontaneous-speech-en-29031.mp3	27576	224	How have payments changed in your country over the last five years		bulk-cleanup-v1-non-english	English
ce26a60c6cc4728830c115ccc98aaaa7	29035	spontaneous-speech-en-29035.mp3	13392	199	What do you wish you could use technology for?		bulk-cleanup-v1-non-english	English
8c048326e93a94589190693897ce3456	29036	spontaneous-speech-en-29036.mp3	15300	162	Where is your ideal vacation or trip?		bulk-cleanup-v1-non-english	English
ce26a60c6cc4728830c115ccc98aaaa7	29037	spontaneous-speech-en-29037.mp3	7632	122	What types of plants do you see most often?		bulk-cleanup-v1-non-english	English
8c048326e93a94589190693897ce3456	29038	spontaneous-speech-en-29038.mp3	14040	130	Why do you think the sky is blue?		bulk-cleanup-v1-non-english	English
ce26a60c6cc4728830c115ccc98aaaa7	29039	spontaneous-speech-en-29039.mp3	8064	156	Who takes care of women expecting babies in your community?		bulk-cleanup-v1-non-english	English
8c048326e93a94589190693897ce3456	29040	spontaneous-speech-en-29040.mp3	17676	196	What do you use technology for most often?		bulk-cleanup-v1-non-english	English
ce26a60c6cc4728830c115ccc98aaaa7	29042	spontaneous-speech-en-29042.mp3	4608	203	Do you drive any vehicles?		bulk-cleanup-v1-non-english	English
ce26a60c6cc4728830c115ccc98aaaa7	29045	spontaneous-speech-en-29045.mp3	4644	125	What kinds of pets are common in your community?		bulk-cleanup-v1-non-english	English
8c048326e93a94589190693897ce3456	29046	spontaneous-speech-en-29046.mp3	11556	141	What is your biggest hope for the future?		bulk-cleanup-v1-non-english	English
ce26a60c6cc4728830c115ccc98aaaa7	29047	spontaneous-speech-en-29047.mp3	7128	226	Who is your favourite celebrity or actor?		bulk-cleanup-v1-non-english	English
ce26a60c6cc4728830c115ccc98aaaa7	29049	spontaneous-speech-en-29049.mp3	10080	238	Are there local events or festivals your family attend?		bulk-cleanup-v1-non-english	English
8c048326e93a94589190693897ce3456	29050	spontaneous-speech-en-29050.mp3	4536	203	Do you drive any vehicles?		bulk-cleanup-v1-non-english	English
ce26a60c6cc4728830c115ccc98aaaa7	29051	spontaneous-speech-en-29051.mp3	7812	167	How did you learn the languages that you speak?		bulk-cleanup-v1-non-english	English
8c048326e93a94589190693897ce3456	29052	spontaneous-speech-en-29052.mp3	14436	209	How do you top up, add credit or pay for your mobile phone		bulk-cleanup-v1-non-english	English
8c048326e93a94589190693897ce3456	29054	spontaneous-speech-en-29054.mp3	20808	195	Describe a board game, video games or card game that you've played		bulk-cleanup-v1-non-english	English
ce26a60c6cc4728830c115ccc98aaaa7	29055	spontaneous-speech-en-29055.mp3	6120	177	How would you go about finding a lawyer in your country?		bulk-cleanup-v1-non-english	English
8c048326e93a94589190693897ce3456	29058	spontaneous-speech-en-29058.mp3	20916	215	How can society help people in need?		bulk-cleanup-v1-non-english	English
ce26a60c6cc4728830c115ccc98aaaa7	29061	spontaneous-speech-en-29061.mp3	6084	183	What kinds of sports or exercise do you like?		bulk-cleanup-v1-non-english	English
8c048326e93a94589190693897ce3456	29064	spontaneous-speech-en-29064.mp3	13176	165	Describe some foods that are unhealthy or should only be had sometimes 		bulk-cleanup-v1-non-english	English
8c048326e93a94589190693897ce3456	29066	spontaneous-speech-en-29066.mp3	24156	231	Describe a visit to a cinema in your country		bulk-cleanup-v1-non-english	English
8c048326e93a94589190693897ce3456	29069	spontaneous-speech-en-29069.mp3	12168	123	What is the climate like where you live?		bulk-cleanup-v1-non-english	English
8c048326e93a94589190693897ce3456	29070	spontaneous-speech-en-29070.mp3	6876	183	What kinds of sports or exercise do you like?		bulk-cleanup-v1-non-english	English
ce26a60c6cc4728830c115ccc98aaaa7	29071	spontaneous-speech-en-29071.mp3	8352	157	In your culture, who takes care of people who are dying?		bulk-cleanup-v1-non-english	English
ce26a60c6cc4728830c115ccc98aaaa7	29073	spontaneous-speech-en-29073.mp3	5868	201	What do you think AI is?		bulk-cleanup-v1-non-english	English
ce26a60c6cc4728830c115ccc98aaaa7	29076	spontaneous-speech-en-29076.mp3	6660	175	Is there a piece of homework you remember struggling with?		bulk-cleanup-v1-non-english	English
8c048326e93a94589190693897ce3456	29082	spontaneous-speech-en-29082.mp3	7596	234	What local artist or craftsperson do you admire?		bulk-cleanup-v1-non-english	English
ce26a60c6cc4728830c115ccc98aaaa7	29084	spontaneous-speech-en-29084.mp3	6804	223	What are the main reasons people in your community move to other places?		bulk-cleanup-v1-non-english	English
ce26a60c6cc4728830c115ccc98aaaa7	29086	spontaneous-speech-en-29086.mp3	4788	145	What is your ideal party or celebration?		bulk-cleanup-v1-non-english	English
8c048326e93a94589190693897ce3456	29096	spontaneous-speech-en-29096.mp3	23868	175	Is there a piece of homework you remember struggling with?		bulk-cleanup-v1-non-english	English
ce26a60c6cc4728830c115ccc98aaaa7	29098	spontaneous-speech-en-29098.mp3	9648	168	What was your favourite subject in school and why?		bulk-cleanup-v1-non-english	English
8c048326e93a94589190693897ce3456	29099	spontaneous-speech-en-29099.mp3	17208	222	What types of public services do you think are most important for a community?		bulk-cleanup-v1-non-english	English
ce26a60c6cc4728830c115ccc98aaaa7	29102	spontaneous-speech-en-29102.mp3	16920	216	What kinds of businesses do you wish your community had more of?		bulk-cleanup-v1-non-english	English
ce26a60c6cc4728830c115ccc98aaaa7	29105	spontaneous-speech-en-29105.mp3	6444	124	Describe the last animal you saw.		bulk-cleanup-v1-non-english	English
ce26a60c6cc4728830c115ccc98aaaa7	29107	spontaneous-speech-en-29107.mp3	3924	163	What colours do you like?		bulk-cleanup-v1-non-english	English
8c048326e93a94589190693897ce3456	29108	spontaneous-speech-en-29108.mp3	13320	199	What do you wish you could use technology for?		bulk-cleanup-v1-non-english	English
8c048326e93a94589190693897ce3456	29112	spontaneous-speech-en-29112.mp3	10548	132	What seasons or weather variations do you have in your country?		bulk-cleanup-v1-non-english	English
ce26a60c6cc4728830c115ccc98aaaa7	29113	spontaneous-speech-en-29113.mp3	7704	176	Describe a historical event you learned about in school		bulk-cleanup-v1-non-english	English
8c048326e93a94589190693897ce3456	29121	spontaneous-speech-en-29121.mp3	9360	138	When you were a child what did you want to be when you grow up?		bulk-cleanup-v1-non-english	English
ce26a60c6cc4728830c115ccc98aaaa7	29122	spontaneous-speech-en-29122.mp3	9684	162	Where is your ideal vacation or trip?		bulk-cleanup-v1-non-english	English
8c048326e93a94589190693897ce3456	29125	spontaneous-speech-en-29125.mp3	24948	208	How do you think AI can be used in everyday life?		bulk-cleanup-v1-non-english	English
ce26a60c6cc4728830c115ccc98aaaa7	29126	spontaneous-speech-en-29126.mp3	9684	202	Tell me about the time you got your first phone.		bulk-cleanup-v1-non-english	English
ce26a60c6cc4728830c115ccc98aaaa7	29128	spontaneous-speech-en-29128.mp3	7596	214	Does your government have strong welfare programmes?		bulk-cleanup-v1-non-english	English
ce26a60c6cc4728830c115ccc98aaaa7	29131	spontaneous-speech-en-29131.mp3	5184	209	How do you top up, add credit or pay for your mobile phone		bulk-cleanup-v1-non-english	English
8c048326e93a94589190693897ce3456	29134	spontaneous-speech-en-29134.mp3	7488	150	Is there a place that is sacred or special to your or your family?		bulk-cleanup-v1-non-english	English
ce26a60c6cc4728830c115ccc98aaaa7	29138	spontaneous-speech-en-29138.mp3	10152	129	Describe a visit to an ocean, lake or river.		bulk-cleanup-v1-non-english	English
ce26a60c6cc4728830c115ccc98aaaa7	29140	spontaneous-speech-en-29140.mp3	10188	224	How have payments changed in your country over the last five years		bulk-cleanup-v1-non-english	English
8c048326e93a94589190693897ce3456	29146	spontaneous-speech-en-29146.mp3	32976	169	How do people vote in your country?		bulk-cleanup-v1-non-english	English
8c048326e93a94589190693897ce3456	29149	spontaneous-speech-en-29149.mp3	21060	210	What kinds of places does your mobile have bad reception or service		bulk-cleanup-v1-non-english	English
8c048326e93a94589190693897ce3456	29151	spontaneous-speech-en-29151.mp3	10188	125	What kinds of pets are common in your community?		bulk-cleanup-v1-non-english	English
ce26a60c6cc4728830c115ccc98aaaa7	29152	spontaneous-speech-en-29152.mp3	13284	139	What job would you most like to have and why?		bulk-cleanup-v1-non-english	English
8c048326e93a94589190693897ce3456	29153	spontaneous-speech-en-29153.mp3	7056	211	Does your family have a strict budget?		bulk-cleanup-v1-non-english	English
ce26a60c6cc4728830c115ccc98aaaa7	29154	spontaneous-speech-en-29154.mp3	6372	180	What kinds of documents do you need to move around within your country, or to neighbouring countries?		bulk-cleanup-v1-non-english	English
8c048326e93a94589190693897ce3456	29155	spontaneous-speech-en-29155.mp3	17208	217	What challenges do entrepreneurs face when starting a business in your region?		bulk-cleanup-v1-non-english	English
8c048326e93a94589190693897ce3456	29161	spontaneous-speech-en-29161.mp3	11808	214	Does your government have strong welfare programmes?		bulk-cleanup-v1-non-english	English
ce26a60c6cc4728830c115ccc98aaaa7	29167	spontaneous-speech-en-29167.mp3	21852	166	Describe how to book a doctor's appointment in your country.		bulk-cleanup-v1-non-english	English
8c048326e93a94589190693897ce3456	29168	spontaneous-speech-en-29168.mp3	9036	146	Does your family tell stories about their history?		bulk-cleanup-v1-non-english	English
ce26a60c6cc4728830c115ccc98aaaa7	29169	spontaneous-speech-en-29169.mp3	19692	121	What do you want to do with your next day off?		bulk-cleanup-v1-non-english	English
8c048326e93a94589190693897ce3456	29170	spontaneous-speech-en-29170.mp3	8856	154	Why is it impportant to wash your hands regularly?		bulk-cleanup-v1-non-english	English
8c048326e93a94589190693897ce3456	29173	spontaneous-speech-en-29173.mp3	5580	126	What kinds of plants or flowers have you seen this week?		bulk-cleanup-v1-non-english	English
ce26a60c6cc4728830c115ccc98aaaa7	29175	spontaneous-speech-en-29175.mp3	15516	135	Has the weather changed in your country over the last 10 years?		bulk-cleanup-v1-non-english	English
ce26a60c6cc4728830c115ccc98aaaa7	29178	spontaneous-speech-en-29178.mp3	13572	197	How often do you use a mobile phone?		bulk-cleanup-v1-non-english	English
8c048326e93a94589190693897ce3456	29184	spontaneous-speech-en-29184.mp3	16668	136	What advice would you give a friend who is nervous about something?		bulk-cleanup-v1-non-english	English
ce26a60c6cc4728830c115ccc98aaaa7	29185	spontaneous-speech-en-29185.mp3	8892	188	Which sports do you think are fun to watch?		bulk-cleanup-v1-non-english	English
8c048326e93a94589190693897ce3456	29186	spontaneous-speech-en-29186.mp3	25956	220	What do you think about using online banking?		bulk-cleanup-v1-non-english	English
8c048326e93a94589190693897ce3456	29191	spontaneous-speech-en-29191.mp3	15228	184	How do you feel about swimming? Why?		bulk-cleanup-v1-non-english	English
ce26a60c6cc4728830c115ccc98aaaa7	29193	spontaneous-speech-en-29193.mp3	9648	128	Do you know any names for the stars and constellations?		bulk-cleanup-v1-non-english	English
8c048326e93a94589190693897ce3456	29194	spontaneous-speech-en-29194.mp3	22248	219	How can small loans help women start businesses?		bulk-cleanup-v1-non-english	English
8c048326e93a94589190693897ce3456	29196	spontaneous-speech-en-29196.mp3	27576	218	How effective are the social support systems provided by your government?		bulk-cleanup-v1-non-english	English
ce26a60c6cc4728830c115ccc98aaaa7	29197	spontaneous-speech-en-29197.mp3	15048	236	Does your community do any kind of traditional dance or music?		bulk-cleanup-v1-non-english	English
ce26a60c6cc4728830c115ccc98aaaa7	29199	spontaneous-speech-en-29199.mp3	8100	155	What traditional medicines exist in your culture?		bulk-cleanup-v1-non-english	English
ce26a60c6cc4728830c115ccc98aaaa7	29201	spontaneous-speech-en-29201.mp3	12384	173	How can we make sure students in schools are kind to each other?		bulk-cleanup-v1-non-english	English
ce26a60c6cc4728830c115ccc98aaaa7	29203	spontaneous-speech-en-29203.mp3	14616	193	How do you feel about participating in team sports versus individual sports?		bulk-cleanup-v1-non-english	English
8c048326e93a94589190693897ce3456	29204	spontaneous-speech-en-29204.mp3	15336	228	What genre of music is your favourite?		bulk-cleanup-v1-non-english	English
8c048326e93a94589190693897ce3456	29206	spontaneous-speech-en-29206.mp3	30456	227	Describe your favourite movie, TV show, or play?		bulk-cleanup-v1-non-english	English
8c048326e93a94589190693897ce3456	29209	spontaneous-speech-en-29209.mp3	15228	187	What kind of art do you like?		bulk-cleanup-v1-non-english	English
8c048326e93a94589190693897ce3456	29211	spontaneous-speech-en-29211.mp3	3528	127	What is the biggest insect where you come from?		bulk-cleanup-v1-non-english	English
ce26a60c6cc4728830c115ccc98aaaa7	29212	spontaneous-speech-en-29212.mp3	12816	165	Describe some foods that are unhealthy or should only be had sometimes 		bulk-cleanup-v1-non-english	English
8c048326e93a94589190693897ce3456	29214	spontaneous-speech-en-29214.mp3	22428	170	What are the schools like in your area?		bulk-cleanup-v1-non-english	English
8c048326e93a94589190693897ce3456	29217	spontaneous-speech-en-29217.mp3	16488	140	What's your favourite holiday and why?		bulk-cleanup-v1-non-english	English
ce26a60c6cc4728830c115ccc98aaaa7	29224	spontaneous-speech-en-29224.mp3	24012	219	How can small loans help women start businesses?		bulk-cleanup-v1-non-english	English
ce26a60c6cc4728830c115ccc98aaaa7	29227	spontaneous-speech-en-29227.mp3	12708	225	Describe how people pay for things in your society, for example with trade, cash, card or mobile phone?		bulk-cleanup-v1-non-english	English
ce26a60c6cc4728830c115ccc98aaaa7	29228	spontaneous-speech-en-29228.mp3	24552	227	Describe your favourite movie, TV show, or play?		bulk-cleanup-v1-non-english	English
8c048326e93a94589190693897ce3456	29229	spontaneous-speech-en-29229.mp3	16308	177	How would you go about finding a lawyer in your country?		bulk-cleanup-v1-non-english	English
8c048326e93a94589190693897ce3456	29232	spontaneous-speech-en-29232.mp3	16956	134	What do you think about climate change?		bulk-cleanup-v1-non-english	English
8c048326e93a94589190693897ce3456	29234	spontaneous-speech-en-29234.mp3	6588	142	What are you proud of?		bulk-cleanup-v1-non-english	English
ce26a60c6cc4728830c115ccc98aaaa7	29235	spontaneous-speech-en-29235.mp3	18720	195	Describe a board game, video games or card game that you've played		bulk-cleanup-v1-non-english	English
8c048326e93a94589190693897ce3456	29236	spontaneous-speech-en-29236.mp3	6336	163	What colours do you like?		bulk-cleanup-v1-non-english	English
8c048326e93a94589190693897ce3456	29243	spontaneous-speech-en-29243.mp3	19008	223	What are the main reasons people in your community move to other places?		bulk-cleanup-v1-non-english	English
ce26a60c6cc4728830c115ccc98aaaa7	29244	spontaneous-speech-en-29244.mp3	10908	187	What kind of art do you like?		bulk-cleanup-v1-non-english	English
ce26a60c6cc4728830c115ccc98aaaa7	29246	spontaneous-speech-en-29246.mp3	17604	136	What advice would you give a friend who is nervous about something?		bulk-cleanup-v1-non-english	English
8c048326e93a94589190693897ce3456	29247	spontaneous-speech-en-29247.mp3	16488	202	Tell me about the time you got your first phone.		bulk-cleanup-v1-non-english	English
8c048326e93a94589190693897ce3456	29249	spontaneous-speech-en-29249.mp3	6048	128	Do you know any names for the stars and constellations?		bulk-cleanup-v1-non-english	English
ce26a60c6cc4728830c115ccc98aaaa7	29251	spontaneous-speech-en-29251.mp3	12060	218	How effective are the social support systems provided by your government?		bulk-cleanup-v1-non-english	English
8c048326e93a94589190693897ce3456	29254	spontaneous-speech-en-29254.mp3	22428	148	What do you do to mark your birthday?		bulk-cleanup-v1-non-english	English
ce26a60c6cc4728830c115ccc98aaaa7	29258	spontaneous-speech-en-29258.mp3	15192	230	What games do children play in your community?		bulk-cleanup-v1-non-english	English
8c048326e93a94589190693897ce3456	29265	spontaneous-speech-en-29265.mp3	9540	233	What is your favorite local radio program?		bulk-cleanup-v1-non-english	English
8c048326e93a94589190693897ce3456	29267	spontaneous-speech-en-29267.mp3	9540	145	What is your ideal party or celebration?		bulk-cleanup-v1-non-english	English
8c048326e93a94589190693897ce3456	29269	spontaneous-speech-en-29269.mp3	14436	143	What do you like about your partner, spouse or best friend?		bulk-cleanup-v1-non-english	English
ce26a60c6cc4728830c115ccc98aaaa7	29270	spontaneous-speech-en-29270.mp3	5544	141	What is your biggest hope for the future?		bulk-cleanup-v1-non-english	English
ce26a60c6cc4728830c115ccc98aaaa7	29275	spontaneous-speech-en-29275.mp3	12096	149	Describe how a teacher, mentor or relative has shaped your life?		bulk-cleanup-v1-non-english	English
8c048326e93a94589190693897ce3456	29276	spontaneous-speech-en-29276.mp3	15408	137	What advice would you give a friend who is away from home and missing their family?		bulk-cleanup-v1-non-english	English
8c048326e93a94589190693897ce3456	29279	spontaneous-speech-en-29279.mp3	6840	157	In your culture, who takes care of people who are dying?		bulk-cleanup-v1-non-english	English
ce26a60c6cc4728830c115ccc98aaaa7	29281	spontaneous-speech-en-29281.mp3	24912	220	What do you think about using online banking?		bulk-cleanup-v1-non-english	English
ce26a60c6cc4728830c115ccc98aaaa7	29283	spontaneous-speech-en-29283.mp3	8208	182	If you could learn any skill, what would you want to learn?		bulk-cleanup-v1-non-english	English
8c048326e93a94589190693897ce3456	29284	spontaneous-speech-en-29284.mp3	12276	189	Do you play any musical instruments?		bulk-cleanup-v1-non-english	English
8c048326e93a94589190693897ce3456	29287	spontaneous-speech-en-29287.mp3	22716	166	Describe how to book a doctor's appointment in your country.		bulk-cleanup-v1-non-english	English
ce26a60c6cc4728830c115ccc98aaaa7	29290	spontaneous-speech-en-29290.mp3	18288	181	What is the most stressful part of your work, studies or hobby?		bulk-cleanup-v1-non-english	English
8c048326e93a94589190693897ce3456	29291	spontaneous-speech-en-29291.mp3	15768	144	What wishes do you have for your children?		bulk-cleanup-v1-non-english	English
ce26a60c6cc4728830c115ccc98aaaa7	29293	spontaneous-speech-en-29293.mp3	22536	138	When you were a child what did you want to be when you grow up?		bulk-cleanup-v1-non-english	English
8c048326e93a94589190693897ce3456	29294	spontaneous-speech-en-29294.mp3	9036	238	Are there local events or festivals your family attend?		bulk-cleanup-v1-non-english	English
8c048326e93a94589190693897ce3456	29296	spontaneous-speech-en-29296.mp3	18036	205	What technological advancements do you think would improve your quality of life?		bulk-cleanup-v1-non-english	English
8c048326e93a94589190693897ce3456	29298	spontaneous-speech-en-29298.mp3	30708	129	Describe a visit to an ocean, lake or river.		bulk-cleanup-v1-non-english	English
8c048326e93a94589190693897ce3456	29303	spontaneous-speech-en-29303.mp3	13968	225	Describe how people pay for things in your society, for example with trade, cash, card or mobile phone?		bulk-cleanup-v1-non-english	English
ce26a60c6cc4728830c115ccc98aaaa7	29306	spontaneous-speech-en-29306.mp3	21312	206	In what ways do you think technology could be better integrated into education?		bulk-cleanup-v1-non-english	English
ce26a60c6cc4728830c115ccc98aaaa7	29308	spontaneous-speech-en-29308.mp3	5760	131	What are the clouds like where you live?		bulk-cleanup-v1-non-english	English
8c048326e93a94589190693897ce3456	29311	spontaneous-speech-en-29311.mp3	7668	198	Do people of different ages use technology differently?		bulk-cleanup-v1-non-english	English
8c048326e93a94589190693897ce3456	29312	spontaneous-speech-en-29312.mp3	12888	240	How do older generations teach or engage with younger people in your society?		bulk-cleanup-v1-non-english	English
8c048326e93a94589190693897ce3456	29313	spontaneous-speech-en-29313.mp3	23040	232	What is a popular local children's book or story?		bulk-cleanup-v1-non-english	English
6d950b894e6c05b4866ec03c75107ca2	41918	spontaneous-speech-en-41918.mp3	294516	163	What colours do you like?		bulk-cleanup-v1-non-english	English
b9eb79c9358f3043b9491ea4e1465a6e	63027	spontaneous-speech-en-63027.mp3	5328	184	How do you feel about swimming? Why?		bulk-cleanup-v1-non-english	English
b9eb79c9358f3043b9491ea4e1465a6e	63028	spontaneous-speech-en-63028.mp3	3240	213	Is it easy to start a business in your country?		bulk-cleanup-v1-non-english	English
b9eb79c9358f3043b9491ea4e1465a6e	63029	spontaneous-speech-en-63029.mp3	20808	166	Describe how to book a doctor's appointment in your country.		bulk-cleanup-v1-non-english	English
b9eb79c9358f3043b9491ea4e1465a6e	63030	spontaneous-speech-en-63030.mp3	8928	193	How do you feel about participating in team sports versus individual sports?		bulk-cleanup-v1-non-english	English
b9eb79c9358f3043b9491ea4e1465a6e	63031	spontaneous-speech-en-63031.mp3	14580	121	What do you want to do with your next day off?		bulk-cleanup-v1-non-english	English
b9eb79c9358f3043b9491ea4e1465a6e	63032	spontaneous-speech-en-63032.mp3	14760	219	How can small loans help women start businesses?		bulk-cleanup-v1-non-english	English
b9eb79c9358f3043b9491ea4e1465a6e	63033	spontaneous-speech-en-63033.mp3	9288	145	What is your ideal party or celebration?		bulk-cleanup-v1-non-english	English
b9eb79c9358f3043b9491ea4e1465a6e	63034	spontaneous-speech-en-63034.mp3	2196	5194	Do you like to work?		bulk-cleanup-v1-non-english	English
b9eb79c9358f3043b9491ea4e1465a6e	63035	spontaneous-speech-en-63035.mp3	15660	138	When you were a child what did you want to be when you grow up?		bulk-cleanup-v1-non-english	English
b9eb79c9358f3043b9491ea4e1465a6e	63036	spontaneous-speech-en-63036.mp3	6948	182	If you could learn any skill, what would you want to learn?		bulk-cleanup-v1-non-english	English
b9eb79c9358f3043b9491ea4e1465a6e	63037	spontaneous-speech-en-63037.mp3	9900	209	How do you top up, add credit or pay for your mobile phone		bulk-cleanup-v1-non-english	English
b9eb79c9358f3043b9491ea4e1465a6e	63038	spontaneous-speech-en-63038.mp3	39708	207	What are your thoughts on the benefits and risks of using technology?		bulk-cleanup-v1-non-english	English
b9eb79c9358f3043b9491ea4e1465a6e	63039	spontaneous-speech-en-63039.mp3	1548	203	Do you drive any vehicles?		bulk-cleanup-v1-non-english	English
b9eb79c9358f3043b9491ea4e1465a6e	63040	spontaneous-speech-en-63040.mp3	29628	224	How have payments changed in your country over the last five years		bulk-cleanup-v1-non-english	English
b9eb79c9358f3043b9491ea4e1465a6e	63041	spontaneous-speech-en-63041.mp3	3780	127	What is the biggest insect where you come from?		bulk-cleanup-v1-non-english	English
b9eb79c9358f3043b9491ea4e1465a6e	63042	spontaneous-speech-en-63042.mp3	7020	165	Describe some foods that are unhealthy or should only be had sometimes 		bulk-cleanup-v1-non-english	English
b9eb79c9358f3043b9491ea4e1465a6e	63043	spontaneous-speech-en-63043.mp3	2808	5195	How often do you see trees?		bulk-cleanup-v1-non-english	English
b9eb79c9358f3043b9491ea4e1465a6e	63044	spontaneous-speech-en-63044.mp3	2916	162	Where is your ideal vacation or trip?		bulk-cleanup-v1-non-english	English
b9eb79c9358f3043b9491ea4e1465a6e	63045	spontaneous-speech-en-63045.mp3	1656	5197	What color is the sky right now?		bulk-cleanup-v1-non-english	English
b9eb79c9358f3043b9491ea4e1465a6e	63046	spontaneous-speech-en-63046.mp3	13788	183	What kinds of sports or exercise do you like?		bulk-cleanup-v1-non-english	English
b9eb79c9358f3043b9491ea4e1465a6e	63047	spontaneous-speech-en-63047.mp3	1656	196	What do you use technology for most often?		bulk-cleanup-v1-non-english	English
b9eb79c9358f3043b9491ea4e1465a6e	63048	spontaneous-speech-en-63048.mp3	5148	215	How can society help people in need?		bulk-cleanup-v1-non-english	English
b9eb79c9358f3043b9491ea4e1465a6e	63049	spontaneous-speech-en-63049.mp3	3060	125	What kinds of pets are common in your community?		bulk-cleanup-v1-non-english	English
b9eb79c9358f3043b9491ea4e1465a6e	63050	spontaneous-speech-en-63050.mp3	4320	208	How do you think AI can be used in everyday life?		bulk-cleanup-v1-non-english	English
b9eb79c9358f3043b9491ea4e1465a6e	63051	spontaneous-speech-en-63051.mp3	2088	157	In your culture, who takes care of people who are dying?		bulk-cleanup-v1-non-english	English
b9eb79c9358f3043b9491ea4e1465a6e	63052	spontaneous-speech-en-63052.mp3	18396	185	How do you feel about long walks? Why?		bulk-cleanup-v1-non-english	English
b9eb79c9358f3043b9491ea4e1465a6e	63053	spontaneous-speech-en-63053.mp3	4176	135	Has the weather changed in your country over the last 10 years?		bulk-cleanup-v1-non-english	English
b9eb79c9358f3043b9491ea4e1465a6e	63054	spontaneous-speech-en-63054.mp3	4140	217	What challenges do entrepreneurs face when starting a business in your region?		bulk-cleanup-v1-non-english	English
b9eb79c9358f3043b9491ea4e1465a6e	63055	spontaneous-speech-en-63055.mp3	1836	170	What are the schools like in your area?		bulk-cleanup-v1-non-english	English
b9eb79c9358f3043b9491ea4e1465a6e	63056	spontaneous-speech-en-63056.mp3	18900	136	What advice would you give a friend who is nervous about something?		bulk-cleanup-v1-non-english	English
b9eb79c9358f3043b9491ea4e1465a6e	63057	spontaneous-speech-en-63057.mp3	6336	204	What technology do you worry about?		bulk-cleanup-v1-non-english	English
b9eb79c9358f3043b9491ea4e1465a6e	63058	spontaneous-speech-en-63058.mp3	2160	146	Does your family tell stories about their history?		bulk-cleanup-v1-non-english	English
b9eb79c9358f3043b9491ea4e1465a6e	63059	spontaneous-speech-en-63059.mp3	2376	161	What clothes do you like to wear?		bulk-cleanup-v1-non-english	English
b9eb79c9358f3043b9491ea4e1465a6e	63060	spontaneous-speech-en-63060.mp3	1476	189	Do you play any musical instruments?		bulk-cleanup-v1-non-english	English
b9eb79c9358f3043b9491ea4e1465a6e	63061	spontaneous-speech-en-63061.mp3	10476	223	What are the main reasons people in your community move to other places?		bulk-cleanup-v1-non-english	English
b9eb79c9358f3043b9491ea4e1465a6e	63062	spontaneous-speech-en-63062.mp3	13860	173	How can we make sure students in schools are kind to each other?		bulk-cleanup-v1-non-english	English
b9eb79c9358f3043b9491ea4e1465a6e	63063	spontaneous-speech-en-63063.mp3	5760	186	Do you prefer to be indoors or outdoors? Why?		bulk-cleanup-v1-non-english	English
b9eb79c9358f3043b9491ea4e1465a6e	63064	spontaneous-speech-en-63064.mp3	3708	152	How do you take care of your body and health?		bulk-cleanup-v1-non-english	English
b9eb79c9358f3043b9491ea4e1465a6e	63065	spontaneous-speech-en-63065.mp3	15480	197	How often do you use a mobile phone?		bulk-cleanup-v1-non-english	English
b9eb79c9358f3043b9491ea4e1465a6e	63066	spontaneous-speech-en-63066.mp3	2808	158	What one thing do you wish you did more of to stay healthy?		bulk-cleanup-v1-non-english	English
b9eb79c9358f3043b9491ea4e1465a6e	63067	spontaneous-speech-en-63067.mp3	16020	191	If you could spend a day learning a new hobby, what would it be and why?		bulk-cleanup-v1-non-english	English
b9eb79c9358f3043b9491ea4e1465a6e	63068	spontaneous-speech-en-63068.mp3	5400	130	Why do you think the sky is blue?		bulk-cleanup-v1-non-english	English
adc2f3cd010796a4219b1d848d7b3df7	63522	spontaneous-speech-en-63522.mp3	5148	204	What technology do you worry about?		bulk-cleanup-v1-non-english	English
adc2f3cd010796a4219b1d848d7b3df7	63523	spontaneous-speech-en-63523.mp3	6048	214	Does your government have strong welfare programmes?		bulk-cleanup-v1-non-english	English
adc2f3cd010796a4219b1d848d7b3df7	63524	spontaneous-speech-en-63524.mp3	11016	180	What kinds of documents do you need to move around within your country, or to neighbouring countries?		bulk-cleanup-v1-non-english	English
adc2f3cd010796a4219b1d848d7b3df7	63525	spontaneous-speech-en-63525.mp3	4716	6336	How should children treat their parents?		bulk-cleanup-v1-non-english	English
adc2f3cd010796a4219b1d848d7b3df7	63526	spontaneous-speech-en-63526.mp3	7020	6362	How do you think a person can keep from becoming a workaholic?		bulk-cleanup-v1-non-english	English
adc2f3cd010796a4219b1d848d7b3df7	63527	spontaneous-speech-en-63527.mp3	6156	6368	What are the assumptions you make about people?		bulk-cleanup-v1-non-english	English
adc2f3cd010796a4219b1d848d7b3df7	63528	spontaneous-speech-en-63528.mp3	5688	6351	What's the best present anyone ever gave you?		bulk-cleanup-v1-non-english	English
adc2f3cd010796a4219b1d848d7b3df7	63529	spontaneous-speech-en-63529.mp3	4428	6385	What is your best travelling experience?		bulk-cleanup-v1-non-english	English
adc2f3cd010796a4219b1d848d7b3df7	63530	spontaneous-speech-en-63530.mp3	3168	6333	What is the weather today?		bulk-cleanup-v1-non-english	English
c3786e61c0fc2447acc29c9ba607fda1	63698	spontaneous-speech-en-63698.mp3	4176	6367	What is your greatest strength?		bulk-cleanup-v1-non-english	English
7861d3948c25e7c2a56300e44788d02a	63723	spontaneous-speech-en-63723.mp3	7380	6340	Can you sing or play music?		bulk-cleanup-v1-non-english	English
b5383842ab7786a335c8bd76c861a47c	64016	spontaneous-speech-en-64016.mp3	2916	128	Do you know any names for the stars and constellations?		bulk-cleanup-v1-non-english	English
b5383842ab7786a335c8bd76c861a47c	64053	spontaneous-speech-en-64053.mp3	2808	6333	What is the weather today?		bulk-cleanup-v1-non-english	English
76e4dd5ea7b3d42452cd7c8d63a540a5	66742	spontaneous-speech-en-66742.mp3	4248	6372	Who is your best friend?		bulk-cleanup-v1-non-english	English
76e4dd5ea7b3d42452cd7c8d63a540a5	66743	spontaneous-speech-en-66743.mp3	6840	154	Why is it impportant to wash your hands regularly?		bulk-cleanup-v1-non-english	English
76e4dd5ea7b3d42452cd7c8d63a540a5	66744	spontaneous-speech-en-66744.mp3	5220	5349	Describe your favorite comfort food.		bulk-cleanup-v1-non-english	English
98f2cb21e519ff0754d7dd1685c1423d	67288	spontaneous-speech-en-67288.mp3	4428	6347	What is a good present for a child?		bulk-cleanup-v1-non-english	English
98f2cb21e519ff0754d7dd1685c1423d	67289	spontaneous-speech-en-67289.mp3	3780	6323	What is your favorite book?		bulk-cleanup-v1-non-english	English
93b2d8ccb0d4f1f05829af6444aec809	67479	spontaneous-speech-en-67479.mp3	2988	189	Do you play any musical instruments?		bulk-cleanup-v1-non-english	English
9059792c26bc108cf395b0245172f26b	67559	spontaneous-speech-en-67559.mp3	4140	6377	What is your purpose in life?		bulk-cleanup-v1-non-english	English
442b775fb1c92107949c6bd2674ffeb8	67560	spontaneous-speech-en-67560.mp3	2628	6382	What is your favorite joke?		bulk-cleanup-v1-non-english	English
2e4cb11c502e943304414d9b8f77287b	67576	spontaneous-speech-en-67576.mp3	5616	6315	Where do you buy clothes?		bulk-cleanup-v1-non-english	English
2e4cb11c502e943304414d9b8f77287b	67577	spontaneous-speech-en-67577.mp3	4572	7220	Have you ever taken part in a demonstration?		bulk-cleanup-v1-non-english	English
2e4cb11c502e943304414d9b8f77287b	67578	spontaneous-speech-en-67578.mp3	11736	6307	What can you cook?		bulk-cleanup-v1-non-english	English
217165b2239c67e643e3fed090dd0fc2	67627	spontaneous-speech-en-67627.mp3	4608	6310	What is your favorite song?		bulk-cleanup-v1-non-english	English
217165b2239c67e643e3fed090dd0fc2	67628	spontaneous-speech-en-67628.mp3	10836	231	Describe a visit to a cinema in your country		bulk-cleanup-v1-non-english	English
217165b2239c67e643e3fed090dd0fc2	67629	spontaneous-speech-en-67629.mp3	5400	188	Which sports do you think are fun to watch?		bulk-cleanup-v1-non-english	English
217165b2239c67e643e3fed090dd0fc2	67630	spontaneous-speech-en-67630.mp3	3564	6337	How should we care for the elderly?		bulk-cleanup-v1-non-english	English
217165b2239c67e643e3fed090dd0fc2	67631	spontaneous-speech-en-67631.mp3	4500	6368	What are the assumptions you make about people?		bulk-cleanup-v1-non-english	English
217165b2239c67e643e3fed090dd0fc2	67632	spontaneous-speech-en-67632.mp3	5544	6325	Would you rather be blind or deaf and why?		bulk-cleanup-v1-non-english	English
217165b2239c67e643e3fed090dd0fc2	67633	spontaneous-speech-en-67633.mp3	3060	6387	Is it easy to travel by train?		bulk-cleanup-v1-non-english	English
217165b2239c67e643e3fed090dd0fc2	67634	spontaneous-speech-en-67634.mp3	3852	7222	How many of your neighbours do you know personally?		bulk-cleanup-v1-non-english	English
217165b2239c67e643e3fed090dd0fc2	67635	spontaneous-speech-en-67635.mp3	3132	6385	What is your best travelling experience?		bulk-cleanup-v1-non-english	English
217165b2239c67e643e3fed090dd0fc2	67636	spontaneous-speech-en-67636.mp3	4860	143	What do you like about your partner, spouse or best friend?		bulk-cleanup-v1-non-english	English
217165b2239c67e643e3fed090dd0fc2	67637	spontaneous-speech-en-67637.mp3	3384	169	How do people vote in your country?		bulk-cleanup-v1-non-english	English
217165b2239c67e643e3fed090dd0fc2	67638	spontaneous-speech-en-67638.mp3	3456	6376	What do you value most?		bulk-cleanup-v1-non-english	English
217165b2239c67e643e3fed090dd0fc2	67639	spontaneous-speech-en-67639.mp3	5472	156	Who takes care of women expecting babies in your community?		bulk-cleanup-v1-non-english	English
217165b2239c67e643e3fed090dd0fc2	67640	spontaneous-speech-en-67640.mp3	5796	176	Describe a historical event you learned about in school		bulk-cleanup-v1-non-english	English
217165b2239c67e643e3fed090dd0fc2	67641	spontaneous-speech-en-67641.mp3	3564	6345	Were you affected by the pandemic?		bulk-cleanup-v1-non-english	English
217165b2239c67e643e3fed090dd0fc2	67642	spontaneous-speech-en-67642.mp3	3780	6359	How would you communicate with an alien?		bulk-cleanup-v1-non-english	English
217165b2239c67e643e3fed090dd0fc2	67643	spontaneous-speech-en-67643.mp3	4752	220	What do you think about using online banking?		bulk-cleanup-v1-non-english	English
217165b2239c67e643e3fed090dd0fc2	67644	spontaneous-speech-en-67644.mp3	4428	185	How do you feel about long walks? Why?		bulk-cleanup-v1-non-english	English
217165b2239c67e643e3fed090dd0fc2	67645	spontaneous-speech-en-67645.mp3	3960	221	How do banks keep your money safe?		bulk-cleanup-v1-non-english	English
2c633db3805d57e195283b96ae3dd2f1	67706	spontaneous-speech-en-67706.mp3	7632	5197	What color is the sky right now?		bulk-cleanup-v1-non-english	English
2c633db3805d57e195283b96ae3dd2f1	67707	spontaneous-speech-en-67707.mp3	3384	197	How often do you use a mobile phone?		bulk-cleanup-v1-non-english	English
180344f267d159f5940d8fd16638b8c6	67712	spontaneous-speech-en-67712.mp3	10800	6340	Can you sing or play music?		bulk-cleanup-v1-non-english	English
180344f267d159f5940d8fd16638b8c6	67713	spontaneous-speech-en-67713.mp3	37656	231	Describe a visit to a cinema in your country		bulk-cleanup-v1-non-english	English
180344f267d159f5940d8fd16638b8c6	67714	spontaneous-speech-en-67714.mp3	8172	6684	If you could speak to one animal, which would you choose?		bulk-cleanup-v1-non-english	English
180344f267d159f5940d8fd16638b8c6	67715	spontaneous-speech-en-67715.mp3	9468	6303	Where do you buy food and why?		bulk-cleanup-v1-non-english	English
180344f267d159f5940d8fd16638b8c6	67716	spontaneous-speech-en-67716.mp3	30672	158	What one thing do you wish you did more of to stay healthy?		bulk-cleanup-v1-non-english	English
180344f267d159f5940d8fd16638b8c6	67717	spontaneous-speech-en-67717.mp3	18072	6672	What safety precautions do you take during water activities?		bulk-cleanup-v1-non-english	English
180344f267d159f5940d8fd16638b8c6	67718	spontaneous-speech-en-67718.mp3	16092	197	How often do you use a mobile phone?		bulk-cleanup-v1-non-english	English
180344f267d159f5940d8fd16638b8c6	67719	spontaneous-speech-en-67719.mp3	5904	159	What health concerns are pressing in your country?		bulk-cleanup-v1-non-english	English
3716812b0376759acd05a75089ea3886	67720	spontaneous-speech-en-67720.mp3	13536	6300	What do you remember from your childhood?		bulk-cleanup-v1-non-english	English
3716812b0376759acd05a75089ea3886	67721	spontaneous-speech-en-67721.mp3	50796	6338	How should crime be punished?		bulk-cleanup-v1-non-english	English
3716812b0376759acd05a75089ea3886	67722	spontaneous-speech-en-67722.mp3	5400	121	What do you want to do with your next day off?		bulk-cleanup-v1-non-english	English
3716812b0376759acd05a75089ea3886	67723	spontaneous-speech-en-67723.mp3	8280	7224	What time is it?		bulk-cleanup-v1-non-english	English
3716812b0376759acd05a75089ea3886	67724	spontaneous-speech-en-67724.mp3	6660	5194	Do you like to work?		bulk-cleanup-v1-non-english	English
3716812b0376759acd05a75089ea3886	67725	spontaneous-speech-en-67725.mp3	3276	5349	Describe your favorite comfort food.		bulk-cleanup-v1-non-english	English
3716812b0376759acd05a75089ea3886	67726	spontaneous-speech-en-67726.mp3	4788	6343	What is the farthest you've been from home?		bulk-cleanup-v1-non-english	English
3716812b0376759acd05a75089ea3886	67727	spontaneous-speech-en-67727.mp3	8496	6668	How would you describe climbing experiences in simple words?		bulk-cleanup-v1-non-english	English
3716812b0376759acd05a75089ea3886	67728	spontaneous-speech-en-67728.mp3	18108	7216	What’s the weirdest place you have had a meal?		bulk-cleanup-v1-non-english	English
3716812b0376759acd05a75089ea3886	67729	spontaneous-speech-en-67729.mp3	7236	6349	What would you like to get as a present?		bulk-cleanup-v1-non-english	English
3716812b0376759acd05a75089ea3886	67730	spontaneous-speech-en-67730.mp3	3420	236	Does your community do any kind of traditional dance or music?		bulk-cleanup-v1-non-english	English
3716812b0376759acd05a75089ea3886	67731	spontaneous-speech-en-67731.mp3	18288	194	Describe a creative, beautiful or decorative object that you own		bulk-cleanup-v1-non-english	English
3716812b0376759acd05a75089ea3886	67732	spontaneous-speech-en-67732.mp3	6876	6383	Is it important to be unique?		bulk-cleanup-v1-non-english	English
3716812b0376759acd05a75089ea3886	67733	spontaneous-speech-en-67733.mp3	35388	6368	What are the assumptions you make about people?		bulk-cleanup-v1-non-english	English
3716812b0376759acd05a75089ea3886	67734	spontaneous-speech-en-67734.mp3	23400	193	How do you feel about participating in team sports versus individual sports?		bulk-cleanup-v1-non-english	English
3716812b0376759acd05a75089ea3886	67735	spontaneous-speech-en-67735.mp3	22320	6328	What happens to people when they die?		bulk-cleanup-v1-non-english	English
3716812b0376759acd05a75089ea3886	67736	spontaneous-speech-en-67736.mp3	6516	6220	What food do you like most?		bulk-cleanup-v1-non-english	English
3716812b0376759acd05a75089ea3886	67737	spontaneous-speech-en-67737.mp3	12096	7223	How much water did you drink today?		bulk-cleanup-v1-non-english	English
3716812b0376759acd05a75089ea3886	67738	spontaneous-speech-en-67738.mp3	7056	6357	What is a strange interview question?		bulk-cleanup-v1-non-english	English
3716812b0376759acd05a75089ea3886	67739	spontaneous-speech-en-67739.mp3	24516	186	Do you prefer to be indoors or outdoors? Why?		bulk-cleanup-v1-non-english	English
3716812b0376759acd05a75089ea3886	67740	spontaneous-speech-en-67740.mp3	29736	6312	What was your favorite thing in school?		bulk-cleanup-v1-non-english	English
3716812b0376759acd05a75089ea3886	67741	spontaneous-speech-en-67741.mp3	32508	6295	What was the last book you read about?		bulk-cleanup-v1-non-english	English
3716812b0376759acd05a75089ea3886	67742	spontaneous-speech-en-67742.mp3	21348	6373	How much money is enough?		bulk-cleanup-v1-non-english	English
3716812b0376759acd05a75089ea3886	67743	spontaneous-speech-en-67743.mp3	29628	6329	What do you believe about god?		bulk-cleanup-v1-non-english	English
3716812b0376759acd05a75089ea3886	67744	spontaneous-speech-en-67744.mp3	38340	213	Is it easy to start a business in your country?		bulk-cleanup-v1-non-english	English
3716812b0376759acd05a75089ea3886	67745	spontaneous-speech-en-67745.mp3	3600	6341	Where do you worship?		bulk-cleanup-v1-non-english	English
3716812b0376759acd05a75089ea3886	67746	spontaneous-speech-en-67746.mp3	29556	198	Do people of different ages use technology differently?		bulk-cleanup-v1-non-english	English
3716812b0376759acd05a75089ea3886	67747	spontaneous-speech-en-67747.mp3	10116	6370	What is a major turning point in your life?		bulk-cleanup-v1-non-english	English
3716812b0376759acd05a75089ea3886	67748	spontaneous-speech-en-67748.mp3	5580	6305	What is your favorite video game?		bulk-cleanup-v1-non-english	English
3716812b0376759acd05a75089ea3886	67749	spontaneous-speech-en-67749.mp3	5796	6353	What gives you joy?		bulk-cleanup-v1-non-english	English
3716812b0376759acd05a75089ea3886	67750	spontaneous-speech-en-67750.mp3	22608	205	What technological advancements do you think would improve your quality of life?		bulk-cleanup-v1-non-english	English
3716812b0376759acd05a75089ea3886	67751	spontaneous-speech-en-67751.mp3	17460	177	How would you go about finding a lawyer in your country?		bulk-cleanup-v1-non-english	English
3716812b0376759acd05a75089ea3886	67752	spontaneous-speech-en-67752.mp3	26100	180	What kinds of documents do you need to move around within your country, or to neighbouring countries?		bulk-cleanup-v1-non-english	English
3716812b0376759acd05a75089ea3886	67753	spontaneous-speech-en-67753.mp3	15660	6875	Do you like your family? Why?		bulk-cleanup-v1-non-english	English
3716812b0376759acd05a75089ea3886	67754	spontaneous-speech-en-67754.mp3	31068	139	What job would you most like to have and why?		bulk-cleanup-v1-non-english	English
3716812b0376759acd05a75089ea3886	67755	spontaneous-speech-en-67755.mp3	16668	6674	What equipment is essential for your water sport?		bulk-cleanup-v1-non-english	English
3716812b0376759acd05a75089ea3886	67756	spontaneous-speech-en-67756.mp3	3456	5197	What color is the sky right now?		bulk-cleanup-v1-non-english	English
3716812b0376759acd05a75089ea3886	67757	spontaneous-speech-en-67757.mp3	11088	168	What was your favourite subject in school and why?		bulk-cleanup-v1-non-english	English
3716812b0376759acd05a75089ea3886	67758	spontaneous-speech-en-67758.mp3	6228	187	What kind of art do you like?		bulk-cleanup-v1-non-english	English
3716812b0376759acd05a75089ea3886	67759	spontaneous-speech-en-67759.mp3	6480	204	What technology do you worry about?		bulk-cleanup-v1-non-english	English
3716812b0376759acd05a75089ea3886	67760	spontaneous-speech-en-67760.mp3	3276	6320	Are you good at growing plants?		bulk-cleanup-v1-non-english	English
3716812b0376759acd05a75089ea3886	67761	spontaneous-speech-en-67761.mp3	37980	185	How do you feel about long walks? Why?		bulk-cleanup-v1-non-english	English
3716812b0376759acd05a75089ea3886	67762	spontaneous-speech-en-67762.mp3	11700	5195	How often do you see trees?		bulk-cleanup-v1-non-english	English
3716812b0376759acd05a75089ea3886	67763	spontaneous-speech-en-67763.mp3	12708	215	How can society help people in need?		bulk-cleanup-v1-non-english	English
3716812b0376759acd05a75089ea3886	67764	spontaneous-speech-en-67764.mp3	21060	6344	What is the longest you've stayed in your house?		bulk-cleanup-v1-non-english	English
3716812b0376759acd05a75089ea3886	67765	spontaneous-speech-en-67765.mp3	2736	6378	What is your favorite color?		bulk-cleanup-v1-non-english	English
3716812b0376759acd05a75089ea3886	67766	spontaneous-speech-en-67766.mp3	2448	6375	Do you believe what you’ve been brought up with?		bulk-cleanup-v1-non-english	English
3716812b0376759acd05a75089ea3886	67767	spontaneous-speech-en-67767.mp3	15948	6386	How do you like to travel? Why?		bulk-cleanup-v1-non-english	English
3716812b0376759acd05a75089ea3886	67768	spontaneous-speech-en-67768.mp3	6588	6306	Are you good at swimming?		bulk-cleanup-v1-non-english	English
3716812b0376759acd05a75089ea3886	67769	spontaneous-speech-en-67769.mp3	19260	128	Do you know any names for the stars and constellations?		bulk-cleanup-v1-non-english	English
3716812b0376759acd05a75089ea3886	67770	spontaneous-speech-en-67770.mp3	22968	218	How effective are the social support systems provided by your government?		bulk-cleanup-v1-non-english	English
3716812b0376759acd05a75089ea3886	67771	spontaneous-speech-en-67771.mp3	8820	209	How do you top up, add credit or pay for your mobile phone		bulk-cleanup-v1-non-english	English
3716812b0376759acd05a75089ea3886	67772	spontaneous-speech-en-67772.mp3	4788	6361	What single thing would you like to make sure you do during your lifetime?		bulk-cleanup-v1-non-english	English
3716812b0376759acd05a75089ea3886	67773	spontaneous-speech-en-67773.mp3	9576	153	How do you relax and keep your mind healthy?		bulk-cleanup-v1-non-english	English
3716812b0376759acd05a75089ea3886	67774	spontaneous-speech-en-67774.mp3	6480	210	What kinds of places does your mobile have bad reception or service		bulk-cleanup-v1-non-english	English
3716812b0376759acd05a75089ea3886	67775	spontaneous-speech-en-67775.mp3	22788	135	Has the weather changed in your country over the last 10 years?		bulk-cleanup-v1-non-english	English
3716812b0376759acd05a75089ea3886	67776	spontaneous-speech-en-67776.mp3	13860	192	Describe a creative activity or project that you've ever worked on		bulk-cleanup-v1-non-english	English
3716812b0376759acd05a75089ea3886	67777	spontaneous-speech-en-67777.mp3	21708	6681	What holidays do you and your family celebrate in the fall?		bulk-cleanup-v1-non-english	English
3716812b0376759acd05a75089ea3886	67778	spontaneous-speech-en-67778.mp3	5436	5198	Do you exercise often?		bulk-cleanup-v1-non-english	English
3716812b0376759acd05a75089ea3886	67779	spontaneous-speech-en-67779.mp3	16416	6676	How would you explain water safety in simple words?		bulk-cleanup-v1-non-english	English
3716812b0376759acd05a75089ea3886	67780	spontaneous-speech-en-67780.mp3	11808	142	What are you proud of?		bulk-cleanup-v1-non-english	English
3716812b0376759acd05a75089ea3886	67781	spontaneous-speech-en-67781.mp3	19548	6680	What summertime holidays do you celebrate?		bulk-cleanup-v1-non-english	English
3716812b0376759acd05a75089ea3886	67782	spontaneous-speech-en-67782.mp3	3996	137	What advice would you give a friend who is away from home and missing their family?		bulk-cleanup-v1-non-english	English
3716812b0376759acd05a75089ea3886	67783	spontaneous-speech-en-67783.mp3	9000	143	What do you like about your partner, spouse or best friend?		bulk-cleanup-v1-non-english	English
3716812b0376759acd05a75089ea3886	67784	spontaneous-speech-en-67784.mp3	22608	202	Tell me about the time you got your first phone.		bulk-cleanup-v1-non-english	English
3716812b0376759acd05a75089ea3886	67785	spontaneous-speech-en-67785.mp3	3600	6304	What do you like to do outside?		bulk-cleanup-v1-non-english	English
3716812b0376759acd05a75089ea3886	67786	spontaneous-speech-en-67786.mp3	35388	171	How can schools and parents help each other educate children?		bulk-cleanup-v1-non-english	English
3716812b0376759acd05a75089ea3886	67787	spontaneous-speech-en-67787.mp3	3996	203	Do you drive any vehicles?		bulk-cleanup-v1-non-english	English
3716812b0376759acd05a75089ea3886	67788	spontaneous-speech-en-67788.mp3	22248	6327	What is most important to teach children?		bulk-cleanup-v1-non-english	English
3716812b0376759acd05a75089ea3886	67789	spontaneous-speech-en-67789.mp3	15048	6363	How are you growing personally?		bulk-cleanup-v1-non-english	English
3716812b0376759acd05a75089ea3886	67790	spontaneous-speech-en-67790.mp3	34560	129	Describe a visit to an ocean, lake or river.		bulk-cleanup-v1-non-english	English
3716812b0376759acd05a75089ea3886	67791	spontaneous-speech-en-67791.mp3	4716	7222	How many of your neighbours do you know personally?		bulk-cleanup-v1-non-english	English
3716812b0376759acd05a75089ea3886	67792	spontaneous-speech-en-67792.mp3	2448	6388	Do you like train journeys?		bulk-cleanup-v1-non-english	English
3716812b0376759acd05a75089ea3886	67793	spontaneous-speech-en-67793.mp3	18648	6677	What traditional water activities are unique to your culture?		bulk-cleanup-v1-non-english	English
3716812b0376759acd05a75089ea3886	67794	spontaneous-speech-en-67794.mp3	4068	154	Why is it impportant to wash your hands regularly?		bulk-cleanup-v1-non-english	English
3716812b0376759acd05a75089ea3886	67795	spontaneous-speech-en-67795.mp3	7020	6359	How would you communicate with an alien?		bulk-cleanup-v1-non-english	English
3716812b0376759acd05a75089ea3886	67796	spontaneous-speech-en-67796.mp3	2916	158	What one thing do you wish you did more of to stay healthy?		bulk-cleanup-v1-non-english	English
3716812b0376759acd05a75089ea3886	67797	spontaneous-speech-en-67797.mp3	10260	6389	What do you like about travelling?		bulk-cleanup-v1-non-english	English
3716812b0376759acd05a75089ea3886	67798	spontaneous-speech-en-67798.mp3	8316	6303	Where do you buy food and why?		bulk-cleanup-v1-non-english	English
3716812b0376759acd05a75089ea3886	67799	spontaneous-speech-en-67799.mp3	8928	6354	What annoys you?		bulk-cleanup-v1-non-english	English
3716812b0376759acd05a75089ea3886	67800	spontaneous-speech-en-67800.mp3	6480	7231	What's your favourite cake, slice, or dessert? Why?		bulk-cleanup-v1-non-english	English
3716812b0376759acd05a75089ea3886	67801	spontaneous-speech-en-67801.mp3	4176	136	What advice would you give a friend who is nervous about something?		bulk-cleanup-v1-non-english	English
3716812b0376759acd05a75089ea3886	67802	spontaneous-speech-en-67802.mp3	3708	196	What do you use technology for most often?		bulk-cleanup-v1-non-english	English
3716812b0376759acd05a75089ea3886	67803	spontaneous-speech-en-67803.mp3	8388	208	How do you think AI can be used in everyday life?		bulk-cleanup-v1-non-english	English
3716812b0376759acd05a75089ea3886	67804	spontaneous-speech-en-67804.mp3	3600	156	Who takes care of women expecting babies in your community?		bulk-cleanup-v1-non-english	English
3716812b0376759acd05a75089ea3886	67805	spontaneous-speech-en-67805.mp3	4968	144	What wishes do you have for your children?		bulk-cleanup-v1-non-english	English
3716812b0376759acd05a75089ea3886	67806	spontaneous-speech-en-67806.mp3	8208	6385	What is your best travelling experience?		bulk-cleanup-v1-non-english	English
3716812b0376759acd05a75089ea3886	67807	spontaneous-speech-en-67807.mp3	3600	5199	What's the most common type of tree where you are from?		bulk-cleanup-v1-non-english	English
3716812b0376759acd05a75089ea3886	67808	spontaneous-speech-en-67808.mp3	14256	217	What challenges do entrepreneurs face when starting a business in your region?		bulk-cleanup-v1-non-english	English
3716812b0376759acd05a75089ea3886	67809	spontaneous-speech-en-67809.mp3	19296	225	Describe how people pay for things in your society, for example with trade, cash, card or mobile phone?		bulk-cleanup-v1-non-english	English
3716812b0376759acd05a75089ea3886	67810	spontaneous-speech-en-67810.mp3	4968	6347	What is a good present for a child?		bulk-cleanup-v1-non-english	English
3716812b0376759acd05a75089ea3886	67811	spontaneous-speech-en-67811.mp3	7776	6307	What can you cook?		bulk-cleanup-v1-non-english	English
3716812b0376759acd05a75089ea3886	67812	spontaneous-speech-en-67812.mp3	4680	229	Who is your favourite musician, singer, or songwriter?		bulk-cleanup-v1-non-english	English
3716812b0376759acd05a75089ea3886	67813	spontaneous-speech-en-67813.mp3	2448	6352	What makes people happy?		bulk-cleanup-v1-non-english	English
3716812b0376759acd05a75089ea3886	67814	spontaneous-speech-en-67814.mp3	6588	6317	How far do you live from your parents?		bulk-cleanup-v1-non-english	English
3716812b0376759acd05a75089ea3886	67815	spontaneous-speech-en-67815.mp3	4860	6685	What are your thoughts on indoor smoking?		bulk-cleanup-v1-non-english	English
3716812b0376759acd05a75089ea3886	67816	spontaneous-speech-en-67816.mp3	9216	173	How can we make sure students in schools are kind to each other?		bulk-cleanup-v1-non-english	English
3716812b0376759acd05a75089ea3886	67817	spontaneous-speech-en-67817.mp3	6120	6297	Are there any foods you hate to eat?		bulk-cleanup-v1-non-english	English
3716812b0376759acd05a75089ea3886	67818	spontaneous-speech-en-67818.mp3	3060	6296	What is your favorite food?		bulk-cleanup-v1-non-english	English
3716812b0376759acd05a75089ea3886	67819	spontaneous-speech-en-67819.mp3	4860	122	What types of plants do you see most often?		bulk-cleanup-v1-non-english	English
3716812b0376759acd05a75089ea3886	67820	spontaneous-speech-en-67820.mp3	4716	7232	How do you keep warm in winter?		bulk-cleanup-v1-non-english	English
3716812b0376759acd05a75089ea3886	67821	spontaneous-speech-en-67821.mp3	12888	164	Describe some foods that are healthy and nourishing 		bulk-cleanup-v1-non-english	English
3716812b0376759acd05a75089ea3886	67822	spontaneous-speech-en-67822.mp3	13716	6390	How many cities have you travelled till now? And which one is your best-experienced place?		bulk-cleanup-v1-non-english	English
3716812b0376759acd05a75089ea3886	67823	spontaneous-speech-en-67823.mp3	3996	6330	What do you believe about aliens?		bulk-cleanup-v1-non-english	English
3716812b0376759acd05a75089ea3886	67824	spontaneous-speech-en-67824.mp3	16848	179	What kinds of migration do you have in your country?		bulk-cleanup-v1-non-english	English
3716812b0376759acd05a75089ea3886	67825	spontaneous-speech-en-67825.mp3	2736	7213	Do you like spicy food?		bulk-cleanup-v1-non-english	English
3716812b0376759acd05a75089ea3886	67826	spontaneous-speech-en-67826.mp3	5940	163	What colours do you like?		bulk-cleanup-v1-non-english	English
3716812b0376759acd05a75089ea3886	67827	spontaneous-speech-en-67827.mp3	8208	7225	What’s the last thing you ate?		bulk-cleanup-v1-non-english	English
3716812b0376759acd05a75089ea3886	67828	spontaneous-speech-en-67828.mp3	3996	6223	Are you happy with the way your life has turned out so far?		bulk-cleanup-v1-non-english	English
3716812b0376759acd05a75089ea3886	67829	spontaneous-speech-en-67829.mp3	2988	6346	Do you wear jewelry?		bulk-cleanup-v1-non-english	English
3716812b0376759acd05a75089ea3886	67830	spontaneous-speech-en-67830.mp3	26856	221	How do banks keep your money safe?		bulk-cleanup-v1-non-english	English
3716812b0376759acd05a75089ea3886	67831	spontaneous-speech-en-67831.mp3	14040	6299	What do you do for work?		bulk-cleanup-v1-non-english	English
3716812b0376759acd05a75089ea3886	67832	spontaneous-speech-en-67832.mp3	4320	6221	What is your favorite car maker?		bulk-cleanup-v1-non-english	English
3716812b0376759acd05a75089ea3886	67833	spontaneous-speech-en-67833.mp3	7920	132	What seasons or weather variations do you have in your country?		bulk-cleanup-v1-non-english	English
3716812b0376759acd05a75089ea3886	67834	spontaneous-speech-en-67834.mp3	9036	184	How do you feel about swimming? Why?		bulk-cleanup-v1-non-english	English
3716812b0376759acd05a75089ea3886	67835	spontaneous-speech-en-67835.mp3	16380	220	What do you think about using online banking?		bulk-cleanup-v1-non-english	English
3716812b0376759acd05a75089ea3886	67836	spontaneous-speech-en-67836.mp3	4356	197	How often do you use a mobile phone?		bulk-cleanup-v1-non-english	English
3716812b0376759acd05a75089ea3886	67837	spontaneous-speech-en-67837.mp3	3240	6293	What was the last big trip you went on?		bulk-cleanup-v1-non-english	English
3716812b0376759acd05a75089ea3886	67838	spontaneous-speech-en-67838.mp3	3780	162	Where is your ideal vacation or trip?		bulk-cleanup-v1-non-english	English
3716812b0376759acd05a75089ea3886	67839	spontaneous-speech-en-67839.mp3	8280	230	What games do children play in your community?		bulk-cleanup-v1-non-english	English
3716812b0376759acd05a75089ea3886	67840	spontaneous-speech-en-67840.mp3	4176	6678	What holidays do you celebrate in winter?		bulk-cleanup-v1-non-english	English
3716812b0376759acd05a75089ea3886	67841	spontaneous-speech-en-67841.mp3	16128	6384	What makes someone a good teacher?		bulk-cleanup-v1-non-english	English
3716812b0376759acd05a75089ea3886	67842	spontaneous-speech-en-67842.mp3	5976	212	How do you try and save money in your family?		bulk-cleanup-v1-non-english	English
3716812b0376759acd05a75089ea3886	67843	spontaneous-speech-en-67843.mp3	4248	5196	Do you like running?		bulk-cleanup-v1-non-english	English
3716812b0376759acd05a75089ea3886	67844	spontaneous-speech-en-67844.mp3	6336	181	What is the most stressful part of your work, studies or hobby?		bulk-cleanup-v1-non-english	English
3716812b0376759acd05a75089ea3886	67845	spontaneous-speech-en-67845.mp3	8496	169	How do people vote in your country?		bulk-cleanup-v1-non-english	English
3716812b0376759acd05a75089ea3886	67846	spontaneous-speech-en-67846.mp3	4788	6369	How do you handle pressure?		bulk-cleanup-v1-non-english	English
3716812b0376759acd05a75089ea3886	67847	spontaneous-speech-en-67847.mp3	3600	161	What clothes do you like to wear?		bulk-cleanup-v1-non-english	English
3716812b0376759acd05a75089ea3886	67848	spontaneous-speech-en-67848.mp3	11556	6362	How do you think a person can keep from becoming a workaholic?		bulk-cleanup-v1-non-english	English
3716812b0376759acd05a75089ea3886	67849	spontaneous-speech-en-67849.mp3	10188	6342	What kind of government do you have?		bulk-cleanup-v1-non-english	English
3716812b0376759acd05a75089ea3886	67850	spontaneous-speech-en-67850.mp3	18396	227	Describe your favourite movie, TV show, or play?		bulk-cleanup-v1-non-english	English
3716812b0376759acd05a75089ea3886	67851	spontaneous-speech-en-67851.mp3	4320	226	Who is your favourite celebrity or actor?		bulk-cleanup-v1-non-english	English
3716812b0376759acd05a75089ea3886	67852	spontaneous-speech-en-67852.mp3	5580	6878	riassumi l'ultimo libro che hai letto.		bulk-cleanup-v1-non-english	English
3716812b0376759acd05a75089ea3886	67853	spontaneous-speech-en-67853.mp3	7236	6686	What's the weather like today?		bulk-cleanup-v1-non-english	English
7861d3948c25e7c2a56300e44788d02a	67854	spontaneous-speech-en-67854.mp3	6552	142	What are you proud of?		bulk-cleanup-v1-non-english	English
a57bebfe32c7841d7aa23aea906d2fdb	68648	spontaneous-speech-en-68648.mp3	25488	6291	What are your plans for today?		bulk-cleanup-v1-non-english	English
a57bebfe32c7841d7aa23aea906d2fdb	68649	spontaneous-speech-en-68649.mp3	2952	6220	What food do you like most?		bulk-cleanup-v1-non-english	English
149a8046548f73f3d34eeced1b046f5a	69132	spontaneous-speech-en-69132.mp3	6120	6372	Who is your best friend?		bulk-cleanup-v1-non-english	English
149a8046548f73f3d34eeced1b046f5a	69133	spontaneous-speech-en-69133.mp3	4248	7215	What language would you want to learn, if you had the time?		bulk-cleanup-v1-non-english	English
149a8046548f73f3d34eeced1b046f5a	69134	spontaneous-speech-en-69134.mp3	4428	6295	What was the last book you read about?		bulk-cleanup-v1-non-english	English
149a8046548f73f3d34eeced1b046f5a	69135	spontaneous-speech-en-69135.mp3	10476	203	Do you drive any vehicles?		bulk-cleanup-v1-non-english	English
149a8046548f73f3d34eeced1b046f5a	69136	spontaneous-speech-en-69136.mp3	7380	6371	What is something you consider to be a great personal success?		bulk-cleanup-v1-non-english	English
149a8046548f73f3d34eeced1b046f5a	69137	spontaneous-speech-en-69137.mp3	4680	6684	If you could speak to one animal, which would you choose?		bulk-cleanup-v1-non-english	English
149a8046548f73f3d34eeced1b046f5a	69138	spontaneous-speech-en-69138.mp3	8028	6668	How would you describe climbing experiences in simple words?		bulk-cleanup-v1-non-english	English
149a8046548f73f3d34eeced1b046f5a	69139	spontaneous-speech-en-69139.mp3	5436	200	What concerns do you have about mobile phones?		bulk-cleanup-v1-non-english	English
149a8046548f73f3d34eeced1b046f5a	69140	spontaneous-speech-en-69140.mp3	5076	6222	What is your earliest memory?		bulk-cleanup-v1-non-english	English
149a8046548f73f3d34eeced1b046f5a	69141	spontaneous-speech-en-69141.mp3	14868	231	Describe a visit to a cinema in your country		bulk-cleanup-v1-non-english	English
149a8046548f73f3d34eeced1b046f5a	69142	spontaneous-speech-en-69142.mp3	7416	6363	How are you growing personally?		bulk-cleanup-v1-non-english	English
149a8046548f73f3d34eeced1b046f5a	69143	spontaneous-speech-en-69143.mp3	9576	6326	How do you get to the doctor?		bulk-cleanup-v1-non-english	English
149a8046548f73f3d34eeced1b046f5a	69144	spontaneous-speech-en-69144.mp3	8748	140	What's your favourite holiday and why?		bulk-cleanup-v1-non-english	English
149a8046548f73f3d34eeced1b046f5a	69145	spontaneous-speech-en-69145.mp3	8316	6367	What is your greatest strength?		bulk-cleanup-v1-non-english	English
149a8046548f73f3d34eeced1b046f5a	69146	spontaneous-speech-en-69146.mp3	10260	5198	Do you exercise often?		bulk-cleanup-v1-non-english	English
149a8046548f73f3d34eeced1b046f5a	69147	spontaneous-speech-en-69147.mp3	9396	210	What kinds of places does your mobile have bad reception or service		bulk-cleanup-v1-non-english	English
149a8046548f73f3d34eeced1b046f5a	69148	spontaneous-speech-en-69148.mp3	11340	6352	What makes people happy?		bulk-cleanup-v1-non-english	English
149a8046548f73f3d34eeced1b046f5a	69149	spontaneous-speech-en-69149.mp3	9576	202	Tell me about the time you got your first phone.		bulk-cleanup-v1-non-english	English
149a8046548f73f3d34eeced1b046f5a	69150	spontaneous-speech-en-69150.mp3	16740	199	What do you wish you could use technology for?		bulk-cleanup-v1-non-english	English
149a8046548f73f3d34eeced1b046f5a	69151	spontaneous-speech-en-69151.mp3	3816	189	Do you play any musical instruments?		bulk-cleanup-v1-non-english	English
149a8046548f73f3d34eeced1b046f5a	69152	spontaneous-speech-en-69152.mp3	6660	6335	What is your favorite animal?		bulk-cleanup-v1-non-english	English
149a8046548f73f3d34eeced1b046f5a	69153	spontaneous-speech-en-69153.mp3	9936	141	What is your biggest hope for the future?		bulk-cleanup-v1-non-english	English
149a8046548f73f3d34eeced1b046f5a	69154	spontaneous-speech-en-69154.mp3	6120	195	Describe a board game, video games or card game that you've played		bulk-cleanup-v1-non-english	English
149a8046548f73f3d34eeced1b046f5a	69155	spontaneous-speech-en-69155.mp3	36540	6303	Where do you buy food and why?		bulk-cleanup-v1-non-english	English
149a8046548f73f3d34eeced1b046f5a	69156	spontaneous-speech-en-69156.mp3	2556	7220	Have you ever taken part in a demonstration?		bulk-cleanup-v1-non-english	English
149a8046548f73f3d34eeced1b046f5a	69157	spontaneous-speech-en-69157.mp3	6948	6374	What is your philosophy of life based on?		bulk-cleanup-v1-non-english	English
149a8046548f73f3d34eeced1b046f5a	69158	spontaneous-speech-en-69158.mp3	7740	6221	What is your favorite car maker?		bulk-cleanup-v1-non-english	English
149a8046548f73f3d34eeced1b046f5a	69159	spontaneous-speech-en-69159.mp3	8460	147	Describe a moment when you felt great joy. What made this experience so special?		bulk-cleanup-v1-non-english	English
149a8046548f73f3d34eeced1b046f5a	69160	spontaneous-speech-en-69160.mp3	4680	131	What are the clouds like where you live?		bulk-cleanup-v1-non-english	English
149a8046548f73f3d34eeced1b046f5a	69161	spontaneous-speech-en-69161.mp3	2268	5197	What color is the sky right now?		bulk-cleanup-v1-non-english	English
149a8046548f73f3d34eeced1b046f5a	69162	spontaneous-speech-en-69162.mp3	3168	6878	riassumi l'ultimo libro che hai letto.		bulk-cleanup-v1-non-english	English
149a8046548f73f3d34eeced1b046f5a	69163	spontaneous-speech-en-69163.mp3	3708	214	Does your government have strong welfare programmes?		bulk-cleanup-v1-non-english	English
149a8046548f73f3d34eeced1b046f5a	69164	spontaneous-speech-en-69164.mp3	1836	6655	What traditional activities combine adventure and culture?		bulk-cleanup-v1-non-english	English
149a8046548f73f3d34eeced1b046f5a	69165	spontaneous-speech-en-69165.mp3	4356	7222	How many of your neighbours do you know personally?		bulk-cleanup-v1-non-english	English
149a8046548f73f3d34eeced1b046f5a	69166	spontaneous-speech-en-69166.mp3	13608	177	How would you go about finding a lawyer in your country?		bulk-cleanup-v1-non-english	English
149a8046548f73f3d34eeced1b046f5a	69167	spontaneous-speech-en-69167.mp3	3636	7236	What is your favorite tongue twister?		bulk-cleanup-v1-non-english	English
149a8046548f73f3d34eeced1b046f5a	69168	spontaneous-speech-en-69168.mp3	4068	170	What are the schools like in your area?		bulk-cleanup-v1-non-english	English
149a8046548f73f3d34eeced1b046f5a	69169	spontaneous-speech-en-69169.mp3	4788	228	What genre of music is your favourite?		bulk-cleanup-v1-non-english	English
149a8046548f73f3d34eeced1b046f5a	69170	spontaneous-speech-en-69170.mp3	10188	6290	What do you do when you're sick?		bulk-cleanup-v1-non-english	English
149a8046548f73f3d34eeced1b046f5a	69171	spontaneous-speech-en-69171.mp3	8748	7232	How do you keep warm in winter?		bulk-cleanup-v1-non-english	English
149a8046548f73f3d34eeced1b046f5a	69172	spontaneous-speech-en-69172.mp3	9576	227	Describe your favourite movie, TV show, or play?		bulk-cleanup-v1-non-english	English
149a8046548f73f3d34eeced1b046f5a	69173	spontaneous-speech-en-69173.mp3	2376	181	What is the most stressful part of your work, studies or hobby?		bulk-cleanup-v1-non-english	English
149a8046548f73f3d34eeced1b046f5a	69174	spontaneous-speech-en-69174.mp3	5400	154	Why is it impportant to wash your hands regularly?		bulk-cleanup-v1-non-english	English
149a8046548f73f3d34eeced1b046f5a	69175	spontaneous-speech-en-69175.mp3	9180	6325	Would you rather be blind or deaf and why?		bulk-cleanup-v1-non-english	English
149a8046548f73f3d34eeced1b046f5a	69176	spontaneous-speech-en-69176.mp3	11340	6338	How should crime be punished?		bulk-cleanup-v1-non-english	English
149a8046548f73f3d34eeced1b046f5a	69177	spontaneous-speech-en-69177.mp3	3708	145	What is your ideal party or celebration?		bulk-cleanup-v1-non-english	English
149a8046548f73f3d34eeced1b046f5a	69178	spontaneous-speech-en-69178.mp3	5076	6369	How do you handle pressure?		bulk-cleanup-v1-non-english	English
149a8046548f73f3d34eeced1b046f5a	69179	spontaneous-speech-en-69179.mp3	11268	204	What technology do you worry about?		bulk-cleanup-v1-non-english	English
149a8046548f73f3d34eeced1b046f5a	69180	spontaneous-speech-en-69180.mp3	3276	7239	for voice cloning inside parents home. 		bulk-cleanup-v1-non-english	English
149a8046548f73f3d34eeced1b046f5a	69181	spontaneous-speech-en-69181.mp3	7128	7359	What is one good quality about yourself?		bulk-cleanup-v1-non-english	English
149a8046548f73f3d34eeced1b046f5a	69182	spontaneous-speech-en-69182.mp3	6876	240	How do older generations teach or engage with younger people in your society?		bulk-cleanup-v1-non-english	English
149a8046548f73f3d34eeced1b046f5a	69183	spontaneous-speech-en-69183.mp3	4608	5194	Do you like to work?		bulk-cleanup-v1-non-english	English
149a8046548f73f3d34eeced1b046f5a	69184	spontaneous-speech-en-69184.mp3	5976	6673	Can you describe your favorite water sport experience?		bulk-cleanup-v1-non-english	English
149a8046548f73f3d34eeced1b046f5a	69185	spontaneous-speech-en-69185.mp3	2520	6678	What holidays do you celebrate in winter?		bulk-cleanup-v1-non-english	English
149a8046548f73f3d34eeced1b046f5a	69186	spontaneous-speech-en-69186.mp3	3348	127	What is the biggest insect where you come from?		bulk-cleanup-v1-non-english	English
149a8046548f73f3d34eeced1b046f5a	69187	spontaneous-speech-en-69187.mp3	3708	6296	What is your favorite food?		bulk-cleanup-v1-non-english	English
149a8046548f73f3d34eeced1b046f5a	69188	spontaneous-speech-en-69188.mp3	15588	151	Describe how to cook or prepare your favourite meal.		bulk-cleanup-v1-non-english	English
149a8046548f73f3d34eeced1b046f5a	69189	spontaneous-speech-en-69189.mp3	6048	7233	To improve our way of living and to obtain knowledge  about different things and also explore different cultures		bulk-cleanup-v1-non-english	English
149a8046548f73f3d34eeced1b046f5a	69190	spontaneous-speech-en-69190.mp3	7020	6686	What's the weather like today?		bulk-cleanup-v1-non-english	English
149a8046548f73f3d34eeced1b046f5a	69191	spontaneous-speech-en-69191.mp3	3996	6360	What do you think of the night sky?		bulk-cleanup-v1-non-english	English
149a8046548f73f3d34eeced1b046f5a	69192	spontaneous-speech-en-69192.mp3	3420	6873	"Do you know the game ""The Hundred Line -Last Defense Academy-"" ?"		bulk-cleanup-v1-non-english	English
149a8046548f73f3d34eeced1b046f5a	69193	spontaneous-speech-en-69193.mp3	10548	129	Describe a visit to an ocean, lake or river.		bulk-cleanup-v1-non-english	English
149a8046548f73f3d34eeced1b046f5a	69194	spontaneous-speech-en-69194.mp3	10908	6676	How would you explain water safety in simple words?		bulk-cleanup-v1-non-english	English
149a8046548f73f3d34eeced1b046f5a	69195	spontaneous-speech-en-69195.mp3	11916	230	What games do children play in your community?		bulk-cleanup-v1-non-english	English
149a8046548f73f3d34eeced1b046f5a	69196	spontaneous-speech-en-69196.mp3	5580	7224	What time is it?		bulk-cleanup-v1-non-english	English
149a8046548f73f3d34eeced1b046f5a	69197	spontaneous-speech-en-69197.mp3	5220	5196	Do you like running?		bulk-cleanup-v1-non-english	English
149a8046548f73f3d34eeced1b046f5a	69198	spontaneous-speech-en-69198.mp3	5256	205	What technological advancements do you think would improve your quality of life?		bulk-cleanup-v1-non-english	English
149a8046548f73f3d34eeced1b046f5a	69199	spontaneous-speech-en-69199.mp3	5688	156	Who takes care of women expecting babies in your community?		bulk-cleanup-v1-non-english	English
149a8046548f73f3d34eeced1b046f5a	69200	spontaneous-speech-en-69200.mp3	15840	208	How do you think AI can be used in everyday life?		bulk-cleanup-v1-non-english	English
149a8046548f73f3d34eeced1b046f5a	69201	spontaneous-speech-en-69201.mp3	19656	216	What kinds of businesses do you wish your community had more of?		bulk-cleanup-v1-non-english	English
149a8046548f73f3d34eeced1b046f5a	69202	spontaneous-speech-en-69202.mp3	9756	229	Who is your favourite musician, singer, or songwriter?		bulk-cleanup-v1-non-english	English
149a8046548f73f3d34eeced1b046f5a	69203	spontaneous-speech-en-69203.mp3	20160	237	Who is a famous historical figure or legend from your country?		bulk-cleanup-v1-non-english	English
149a8046548f73f3d34eeced1b046f5a	69204	spontaneous-speech-en-69204.mp3	5256	126	What kinds of plants or flowers have you seen this week?		bulk-cleanup-v1-non-english	English
149a8046548f73f3d34eeced1b046f5a	69205	spontaneous-speech-en-69205.mp3	6660	178	What responsibilities do elected officials have to their communities?		bulk-cleanup-v1-non-english	English
149a8046548f73f3d34eeced1b046f5a	69206	spontaneous-speech-en-69206.mp3	7596	171	How can schools and parents help each other educate children?		bulk-cleanup-v1-non-english	English
149a8046548f73f3d34eeced1b046f5a	69207	spontaneous-speech-en-69207.mp3	6480	6298	What is your family like?		bulk-cleanup-v1-non-english	English
149a8046548f73f3d34eeced1b046f5a	69208	spontaneous-speech-en-69208.mp3	9108	6342	What kind of government do you have?		bulk-cleanup-v1-non-english	English
149a8046548f73f3d34eeced1b046f5a	69209	spontaneous-speech-en-69209.mp3	3780	6378	What is your favorite color?		bulk-cleanup-v1-non-english	English
149a8046548f73f3d34eeced1b046f5a	69211	spontaneous-speech-en-69211.mp3	12240	6348	What is a good gift for an adult?		bulk-cleanup-v1-non-english	English
149a8046548f73f3d34eeced1b046f5a	69212	spontaneous-speech-en-69212.mp3	16020	6361	What single thing would you like to make sure you do during your lifetime?		bulk-cleanup-v1-non-english	English
149a8046548f73f3d34eeced1b046f5a	69213	spontaneous-speech-en-69213.mp3	5148	174	What do you think of school tests for young children?		bulk-cleanup-v1-non-english	English
149a8046548f73f3d34eeced1b046f5a	69214	spontaneous-speech-en-69214.mp3	9396	136	What advice would you give a friend who is nervous about something?		bulk-cleanup-v1-non-english	English
149a8046548f73f3d34eeced1b046f5a	69215	spontaneous-speech-en-69215.mp3	5688	6292	What do you plan to do this week?		bulk-cleanup-v1-non-english	English
149a8046548f73f3d34eeced1b046f5a	69216	spontaneous-speech-en-69216.mp3	3708	6311	Why do you use common voice?		bulk-cleanup-v1-non-english	English
149a8046548f73f3d34eeced1b046f5a	69217	spontaneous-speech-en-69217.mp3	4896	6309	What music do you like?		bulk-cleanup-v1-non-english	English
149a8046548f73f3d34eeced1b046f5a	69218	spontaneous-speech-en-69218.mp3	6156	6384	What makes someone a good teacher?		bulk-cleanup-v1-non-english	English
149a8046548f73f3d34eeced1b046f5a	69219	spontaneous-speech-en-69219.mp3	2448	6220	What food do you like most?		bulk-cleanup-v1-non-english	English
149a8046548f73f3d34eeced1b046f5a	69220	spontaneous-speech-en-69220.mp3	2340	161	What clothes do you like to wear?		bulk-cleanup-v1-non-english	English
149a8046548f73f3d34eeced1b046f5a	69221	spontaneous-speech-en-69221.mp3	3240	121	What do you want to do with your next day off?		bulk-cleanup-v1-non-english	English
149a8046548f73f3d34eeced1b046f5a	69421	spontaneous-speech-en-69421.mp3	9180	133	Describe any plants you have grown or harvested		bulk-cleanup-v1-non-english	English
149a8046548f73f3d34eeced1b046f5a	69422	spontaneous-speech-en-69422.mp3	6840	7226	What’s the weather like?		bulk-cleanup-v1-non-english	English
149a8046548f73f3d34eeced1b046f5a	69423	spontaneous-speech-en-69423.mp3	7488	6337	How should we care for the elderly?		bulk-cleanup-v1-non-english	English
149a8046548f73f3d34eeced1b046f5a	69424	spontaneous-speech-en-69424.mp3	3456	6308	What is your favorite flower?		bulk-cleanup-v1-non-english	English
149a8046548f73f3d34eeced1b046f5a	69425	spontaneous-speech-en-69425.mp3	7200	6664	How do you assess climbing risks?		bulk-cleanup-v1-non-english	English
149a8046548f73f3d34eeced1b046f5a	69426	spontaneous-speech-en-69426.mp3	11520	167	How did you learn the languages that you speak?		bulk-cleanup-v1-non-english	English
149a8046548f73f3d34eeced1b046f5a	69427	spontaneous-speech-en-69427.mp3	19008	7219	How many left-handed people do you know?		bulk-cleanup-v1-non-english	English
149a8046548f73f3d34eeced1b046f5a	69428	spontaneous-speech-en-69428.mp3	9108	149	Describe how a teacher, mentor or relative has shaped your life?		bulk-cleanup-v1-non-english	English
149a8046548f73f3d34eeced1b046f5a	69429	spontaneous-speech-en-69429.mp3	9396	221	How do banks keep your money safe?		bulk-cleanup-v1-non-english	English
149a8046548f73f3d34eeced1b046f5a	69430	spontaneous-speech-en-69430.mp3	10620	134	What do you think about climate change?		bulk-cleanup-v1-non-english	English
149a8046548f73f3d34eeced1b046f5a	69431	spontaneous-speech-en-69431.mp3	6660	217	What challenges do entrepreneurs face when starting a business in your region?		bulk-cleanup-v1-non-english	English
fd8b3aa176acfb59d6167b010b6db1d4	69897	spontaneous-speech-en-69897.mp3	31428	7359	What is one good quality about yourself?		bulk-cleanup-v1-non-english	English
fd8b3aa176acfb59d6167b010b6db1d4	69898	spontaneous-speech-en-69898.mp3	2880	5196	Do you like running?		bulk-cleanup-v1-non-english	English
fd8b3aa176acfb59d6167b010b6db1d4	69899	spontaneous-speech-en-69899.mp3	4896	207	What are your thoughts on the benefits and risks of using technology?		bulk-cleanup-v1-non-english	English
fd8b3aa176acfb59d6167b010b6db1d4	69900	spontaneous-speech-en-69900.mp3	4536	6349	What would you like to get as a present?		bulk-cleanup-v1-non-english	English
2e4cb11c502e943304414d9b8f77287b	70552	spontaneous-speech-en-70552.mp3	2700	127	What is the biggest insect where you come from?		bulk-cleanup-v1-non-english	English
2e4cb11c502e943304414d9b8f77287b	70553	spontaneous-speech-en-70553.mp3	4356	7214	If there’s one thing you could say to the leader of your country, what would it be?		bulk-cleanup-v1-non-english	English
2e4cb11c502e943304414d9b8f77287b	70554	spontaneous-speech-en-70554.mp3	4536	6304	What do you like to do outside?		bulk-cleanup-v1-non-english	English
2e4cb11c502e943304414d9b8f77287b	70555	spontaneous-speech-en-70555.mp3	5364	6380	Do you like children?		bulk-cleanup-v1-non-english	English
2e4cb11c502e943304414d9b8f77287b	70556	spontaneous-speech-en-70556.mp3	7704	214	Does your government have strong welfare programmes?		bulk-cleanup-v1-non-english	English
2e4cb11c502e943304414d9b8f77287b	70557	spontaneous-speech-en-70557.mp3	7092	6387	Is it easy to travel by train?		bulk-cleanup-v1-non-english	English
2e4cb11c502e943304414d9b8f77287b	70558	spontaneous-speech-en-70558.mp3	6300	184	How do you feel about swimming? Why?		bulk-cleanup-v1-non-english	English
2e4cb11c502e943304414d9b8f77287b	70559	spontaneous-speech-en-70559.mp3	9540	159	What health concerns are pressing in your country?		bulk-cleanup-v1-non-english	English
2e4cb11c502e943304414d9b8f77287b	70560	spontaneous-speech-en-70560.mp3	2484	177	How would you go about finding a lawyer in your country?		bulk-cleanup-v1-non-english	English
2e4cb11c502e943304414d9b8f77287b	70561	spontaneous-speech-en-70561.mp3	5724	189	Do you play any musical instruments?		bulk-cleanup-v1-non-english	English
2e4cb11c502e943304414d9b8f77287b	70562	spontaneous-speech-en-70562.mp3	3456	143	What do you like about your partner, spouse or best friend?		bulk-cleanup-v1-non-english	English
2e4cb11c502e943304414d9b8f77287b	70563	spontaneous-speech-en-70563.mp3	2376	5198	Do you exercise often?		bulk-cleanup-v1-non-english	English
e096986571954f8ed27716de8dd152f4	70770	spontaneous-speech-en-70770.mp3	23688	174	What do you think of school tests for young children?		bulk-cleanup-v1-non-english	English
e096986571954f8ed27716de8dd152f4	70771	spontaneous-speech-en-70771.mp3	24048	6311	Why do you use common voice?		bulk-cleanup-v1-non-english	English
e096986571954f8ed27716de8dd152f4	70772	spontaneous-speech-en-70772.mp3	18108	230	What games do children play in your community?		bulk-cleanup-v1-non-english	English
e096986571954f8ed27716de8dd152f4	70773	spontaneous-speech-en-70773.mp3	9756	6340	Can you sing or play music?		bulk-cleanup-v1-non-english	English
e096986571954f8ed27716de8dd152f4	70774	spontaneous-speech-en-70774.mp3	17676	6352	What makes people happy?		bulk-cleanup-v1-non-english	English
4dd608196b798ec4a55f9d654f1da968	71097	spontaneous-speech-en-71097.mp3	3600	5197	What color is the sky right now?		bulk-cleanup-v1-non-english	English
4dd608196b798ec4a55f9d654f1da968	71098	spontaneous-speech-en-71098.mp3	3888	6353	What gives you joy?		bulk-cleanup-v1-non-english	English
4dd608196b798ec4a55f9d654f1da968	71099	spontaneous-speech-en-71099.mp3	3168	6326	How do you get to the doctor?		bulk-cleanup-v1-non-english	English
4dd608196b798ec4a55f9d654f1da968	71100	spontaneous-speech-en-71100.mp3	4068	6670	What water sports do you participate in?		bulk-cleanup-v1-non-english	English
4dd608196b798ec4a55f9d654f1da968	71101	spontaneous-speech-en-71101.mp3	3960	7239	for voice cloning inside parents home. 		bulk-cleanup-v1-non-english	English
4dd608196b798ec4a55f9d654f1da968	71102	spontaneous-speech-en-71102.mp3	4536	197	How often do you use a mobile phone?		bulk-cleanup-v1-non-english	English
4dd608196b798ec4a55f9d654f1da968	71103	spontaneous-speech-en-71103.mp3	4896	6319	How do you show love to a friend?		bulk-cleanup-v1-non-english	English
4dd608196b798ec4a55f9d654f1da968	71104	spontaneous-speech-en-71104.mp3	4536	6365	How would you describe your mother and her impact on your life?		bulk-cleanup-v1-non-english	English
4dd608196b798ec4a55f9d654f1da968	71105	spontaneous-speech-en-71105.mp3	5580	6223	Are you happy with the way your life has turned out so far?		bulk-cleanup-v1-non-english	English
4dd608196b798ec4a55f9d654f1da968	71106	spontaneous-speech-en-71106.mp3	3960	188	Which sports do you think are fun to watch?		bulk-cleanup-v1-non-english	English
4dd608196b798ec4a55f9d654f1da968	71107	spontaneous-speech-en-71107.mp3	5760	147	Describe a moment when you felt great joy. What made this experience so special?		bulk-cleanup-v1-non-english	English
4dd608196b798ec4a55f9d654f1da968	71108	spontaneous-speech-en-71108.mp3	3456	6340	Can you sing or play music?		bulk-cleanup-v1-non-english	English
4dd608196b798ec4a55f9d654f1da968	71109	spontaneous-speech-en-71109.mp3	5040	151	Describe how to cook or prepare your favourite meal.		bulk-cleanup-v1-non-english	English
4dd608196b798ec4a55f9d654f1da968	71110	spontaneous-speech-en-71110.mp3	2988	6294	What is your favorite hobby and why?		bulk-cleanup-v1-non-english	English
4dd608196b798ec4a55f9d654f1da968	71111	spontaneous-speech-en-71111.mp3	2700	6322	Did you have a favorite toy?		bulk-cleanup-v1-non-english	English
4dd608196b798ec4a55f9d654f1da968	71112	spontaneous-speech-en-71112.mp3	3600	6310	What is your favorite song?		bulk-cleanup-v1-non-english	English
4dd608196b798ec4a55f9d654f1da968	71113	spontaneous-speech-en-71113.mp3	6696	158	What one thing do you wish you did more of to stay healthy?		bulk-cleanup-v1-non-english	English
4dd608196b798ec4a55f9d654f1da968	71114	spontaneous-speech-en-71114.mp3	3240	6222	What is your earliest memory?		bulk-cleanup-v1-non-english	English
4dd608196b798ec4a55f9d654f1da968	71115	spontaneous-speech-en-71115.mp3	2700	6686	What's the weather like today?		bulk-cleanup-v1-non-english	English
4dd608196b798ec4a55f9d654f1da968	71116	spontaneous-speech-en-71116.mp3	3960	6338	How should crime be punished?		bulk-cleanup-v1-non-english	English
8b0abcba649253d9ed78f614916f2a7a	71154	spontaneous-speech-en-71154.mp3	6516	6684	If you could speak to one animal, which would you choose?		bulk-cleanup-v1-non-english	English
8b0abcba649253d9ed78f614916f2a7a	71155	spontaneous-speech-en-71155.mp3	4860	123	What is the climate like where you live?		bulk-cleanup-v1-non-english	English
8b0abcba649253d9ed78f614916f2a7a	71156	spontaneous-speech-en-71156.mp3	6156	176	Describe a historical event you learned about in school		bulk-cleanup-v1-non-english	English
8b0abcba649253d9ed78f614916f2a7a	71157	spontaneous-speech-en-71157.mp3	5616	7966	Was there a sermon or lesson you really remember well?		bulk-cleanup-v1-non-english	English
8b0abcba649253d9ed78f614916f2a7a	71158	spontaneous-speech-en-71158.mp3	7596	6677	What traditional water activities are unique to your culture?		bulk-cleanup-v1-non-english	English
8b0abcba649253d9ed78f614916f2a7a	71159	spontaneous-speech-en-71159.mp3	5148	168	What was your favourite subject in school and why?		bulk-cleanup-v1-non-english	English
12546d94ed2948fe19b854c822707c74	71218	spontaneous-speech-en-71218.mp3	3204	6333	What is the weather today?		bulk-cleanup-v1-non-english	English
12546d94ed2948fe19b854c822707c74	71219	spontaneous-speech-en-71219.mp3	3528	6312	What was your favorite thing in school?		bulk-cleanup-v1-non-english	English
12546d94ed2948fe19b854c822707c74	71220	spontaneous-speech-en-71220.mp3	4464	6301	What was your first teacher like?		bulk-cleanup-v1-non-english	English
12546d94ed2948fe19b854c822707c74	71221	spontaneous-speech-en-71221.mp3	4248	6326	How do you get to the doctor?		bulk-cleanup-v1-non-english	English
12546d94ed2948fe19b854c822707c74	71222	spontaneous-speech-en-71222.mp3	4212	6319	How do you show love to a friend?		bulk-cleanup-v1-non-english	English
12546d94ed2948fe19b854c822707c74	71223	spontaneous-speech-en-71223.mp3	4428	6377	What is your purpose in life?		bulk-cleanup-v1-non-english	English
b6d3a166e0be3dcec6dd43459b788100	71315	spontaneous-speech-en-71315.mp3	31284	199	What do you wish you could use technology for?		bulk-cleanup-v1-non-english	English
b6d3a166e0be3dcec6dd43459b788100	71316	spontaneous-speech-en-71316.mp3	4716	209	How do you top up, add credit or pay for your mobile phone		bulk-cleanup-v1-non-english	English
b6d3a166e0be3dcec6dd43459b788100	71317	spontaneous-speech-en-71317.mp3	23904	6663	What role does weather play in climbing?		bulk-cleanup-v1-non-english	English
b6d3a166e0be3dcec6dd43459b788100	71318	spontaneous-speech-en-71318.mp3	21024	6340	Can you sing or play music?		bulk-cleanup-v1-non-english	English
b6d3a166e0be3dcec6dd43459b788100	71319	spontaneous-speech-en-71319.mp3	13212	7925	What do you think about using X?		bulk-cleanup-v1-non-english	English
b6d3a166e0be3dcec6dd43459b788100	71320	spontaneous-speech-en-71320.mp3	15948	158	What one thing do you wish you did more of to stay healthy?		bulk-cleanup-v1-non-english	English
b6d3a166e0be3dcec6dd43459b788100	71321	spontaneous-speech-en-71321.mp3	4500	6342	What kind of government do you have?		bulk-cleanup-v1-non-english	English
b6d3a166e0be3dcec6dd43459b788100	71322	spontaneous-speech-en-71322.mp3	3996	6317	How far do you live from your parents?		bulk-cleanup-v1-non-english	English
b6d3a166e0be3dcec6dd43459b788100	71323	spontaneous-speech-en-71323.mp3	47016	6326	How do you get to the doctor?		bulk-cleanup-v1-non-english	English
2e4cb11c502e943304414d9b8f77287b	72574	spontaneous-speech-en-72574.mp3	4644	197	How often do you use a mobile phone?		bulk-cleanup-v1-non-english	English
2e4cb11c502e943304414d9b8f77287b	72575	spontaneous-speech-en-72575.mp3	6372	6310	What is your favorite song?		bulk-cleanup-v1-non-english	English
2e4cb11c502e943304414d9b8f77287b	72577	spontaneous-speech-en-72577.mp3	22104	6676	How would you explain water safety in simple words?		bulk-cleanup-v1-non-english	English
7861d3948c25e7c2a56300e44788d02a	79496	spontaneous-speech-en-79496.mp3	25200	7995	What's the worst movie you've ever seen and why?		bulk-cleanup-v1-non-english	English
7861d3948c25e7c2a56300e44788d02a	79497	spontaneous-speech-en-79497.mp3	21528	237	Who is a famous historical figure or legend from your country?		bulk-cleanup-v1-non-english	English
